Tags,Ticket,Open Date,Close Date,Symbol,Action,Units/Lots,SL,TP,Open Price,Close Price,Commission,Swap,Pips,Profit,Gain,Comment,Magic Number,Duration (DD:HH:MM:SS),Profitable(%),Profitable(time duration),Drawdown,Risk:Reward,Max(pips),Max(USD),Min(pips),Min(USD),Entry Accuracy(%),Exit Accuracy(%),ProfitMissed(pips),ProfitMissed(USD)
,47396898,01/30/2026 01:45,01/30/2026 01:45,XAUUSD,Sell,0.030,5341.81000,0.00000,5339.93000,5341.81000,0.0000,0.0000,-188.0,-5.64,-0.15,"0[sl]",168,00:00:00:04,,,,,,,,,,,,
,47396844,01/30/2026 01:43,01/30/2026 01:44,XAUUSD,Sell,0.030,5364.88000,0.00000,5362.09000,5349.50000,0.0000,0.0000,1259.0,37.77,1.01,"0",168,00:00:01:01,,,,,,,,,,,,
,47396816,01/30/2026 01:42,01/30/2026 01:42,XAUUSD,Sell,0.030,5364.63000,0.00000,5361.86000,5364.63000,0.0000,0.0000,-277.0,-8.31,-0.22,"0[sl]",168,00:00:00:01,,,,,,,,,,,,
,47396779,01/30/2026 01:40,01/30/2026 01:41,XAUUSD,Sell,0.030,5355.71000,0.00000,5352.62000,5355.71000,0.0000,0.0000,-309.0,-9.27,-0.25,"0[sl]",168,00:00:00:14,,,,,,,,,,,,
,47396711,01/30/2026 01:39,01/30/2026 01:39,XAUUSD,Sell,0.030,5350.61000,0.00000,5347.14000,5350.61000,0.0000,0.0000,-347.0,-10.41,-0.28,"0[sl]",168,00:00:00:23,,,,,,,,,,,,
,47396611,01/30/2026 01:37,01/30/2026 01:39,XAUUSD,Sell,0.030,5349.35000,5347.65000,5360.65000,5347.65000,0.0000,0.0000,1300.0,39.00,1.05,"0[tp]",168,00:00:01:43,,,,,,,,,,,,
,47396573,01/30/2026 01:36,01/30/2026 01:37,XAUUSD,Sell,0.030,5367.87000,0.00000,5365.11000,5356.11000,0.0000,0.0000,900.0,27.00,0.73,"0",168,00:00:00:58,,,,,,,,,,,,
,47396523,01/30/2026 01:34,01/30/2026 01:35,XAUUSD,Sell,0.030,5373.02000,0.00000,5370.22000,5373.02000,0.0000,0.0000,-280.0,-8.40,-0.23,"0[sl]",168,00:00:00:32,,,,,,,,,,,,
,47396486,01/30/2026 01:33,01/30/2026 01:33,XAUUSD,Sell,0.030,5360.97000,0.00000,5358.16000,5360.97000,0.0000,0.0000,-281.0,-8.43,-0.23,"0[sl]",168,00:00:00:10,,,,,,,,,,,,
,47396440,01/30/2026 01:31,01/30/2026 01:31,XAUUSD,Sell,0.030,5355.75000,0.00000,5353.06000,5355.75000,0.0000,0.0000,-269.0,-8.07,-0.22,"0[sl]",168,00:00:00:03,,,,,,,,,,,,
,47396375,01/30/2026 01:30,01/30/2026 01:31,XAUUSD,Sell,0.030,5353.40000,5344.37000,5357.37000,5353.40000,0.0000,0.0000,397.0,11.91,0.32,"0[sl]",168,00:00:01:36,,,,,,,,,,,,
,47394998,01/30/2026 01:00,01/30/2026 01:00,XAUUSD,Buy,0.030,5404.52000,0.00000,5407.39000,5404.52000,0.0000,0.0000,-287.0,-8.61,-0.23,"0[sl]",78,00:00:00:03,,,,,,,,,,,,
,47372282,01/29/2026 09:07,01/29/2026 09:09,XAUUSD,Sell,0.070,5507.81000,5501.28000,5514.28000,5507.81000,0.0000,0.0000,647.0,45.29,1.24,"0[sl]",168,00:00:01:46,,,,,,,,,,,,
,47372231,01/29/2026 09:06,01/29/2026 09:06,XAUUSD,Sell,0.070,5511.40000,0.00000,5508.55000,5511.40000,0.0000,0.0000,-285.0,-19.95,-0.54,"0[sl]",168,00:00:00:13,,,,,,,,,,,,
,47372174,01/29/2026 09:04,01/29/2026 09:06,XAUUSD,Sell,0.070,5505.57000,0.00000,5502.74000,5505.57000,0.0000,0.0000,-283.0,-19.81,-0.53,"0[sl]",168,00:00:01:13,,,,,,,,,,,,
,47372111,01/29/2026 09:03,01/29/2026 09:03,XAUUSD,Sell,0.070,5502.14000,0.00000,5499.34000,5502.14000,0.0000,0.0000,-280.0,-19.60,-0.53,"0[sl]",168,00:00:00:10,,,,,,,,,,,,
,47372049,01/29/2026 09:01,01/29/2026 09:02,XAUUSD,Sell,0.070,5507.83000,0.00000,5505.10000,5507.83000,0.0000,0.0000,-273.0,-19.11,-0.51,"0[sl]",168,00:00:00:09,,,,,,,,,,,,
,47371990,01/29/2026 09:00,01/29/2026 09:01,XAUUSD,Sell,0.070,5505.23000,5498.35000,5511.35000,5505.23000,0.0000,0.0000,612.0,42.84,1.16,"0[sl]",168,00:00:01:33,,,,,,,,,,,,
,47371923,01/29/2026 08:58,01/29/2026 09:00,XAUUSD,Sell,0.070,5511.31000,5500.57000,5513.57000,5511.31000,0.0000,0.0000,226.0,15.82,0.43,"0[sl]",168,00:00:01:32,,,,,,,,,,,,
,47371884,01/29/2026 08:57,01/29/2026 08:57,XAUUSD,Sell,0.070,5515.64000,0.00000,5512.49000,5515.64000,0.0000,0.0000,-315.0,-22.05,-0.59,"0[sl]",168,00:00:00:16,,,,,,,,,,,,
,47371839,01/29/2026 08:55,01/29/2026 08:57,XAUUSD,Sell,0.070,5512.31000,5500.33000,5513.33000,5512.31000,0.0000,0.0000,102.0,7.14,0.19,"0[sl]",168,00:00:02:20,,,,,,,,,,,,
,47360692,01/29/2026 03:50,01/29/2026 03:53,XAUUSD,Buy,0.070,5540.77000,5547.02000,5534.02000,5540.77000,0.0000,0.0000,675.0,47.25,1.29,"0[sl]",78,00:00:02:23,,,,,,,,,,,,
,47360670,01/29/2026 03:49,01/29/2026 03:50,XAUUSD,Buy,0.070,5534.66000,0.00000,5536.71000,5534.66000,0.0000,0.0000,-205.0,-14.35,-0.39,"0[sl]",78,00:00:01:16,,,,,,,,,,,,
,47360631,01/29/2026 03:47,01/29/2026 03:49,XAUUSD,Buy,0.070,5536.93000,5549.43000,5536.43000,5536.93000,0.0000,0.0000,50.0,3.50,0.10,"0[sl]",78,00:00:01:36,,,,,,,,,,,,
,47360594,01/29/2026 03:45,01/29/2026 03:47,XAUUSD,Buy,0.070,5536.66000,5545.39000,5532.39000,5536.66000,0.0000,0.0000,427.0,29.89,0.82,"0[sl]",78,00:00:01:50,,,,,,,,,,,,
,47360563,01/29/2026 03:44,01/29/2026 03:45,XAUUSD,Buy,0.070,5532.18000,5541.46000,5528.46000,5532.18000,0.0000,0.0000,372.0,26.04,0.72,"0[sl]",78,00:00:01:41,,,,,,,,,,,,
,47360527,01/29/2026 03:41,01/29/2026 03:44,XAUUSD,Buy,0.070,5528.47000,5537.35000,5524.35000,5528.47000,0.0000,0.0000,412.0,28.84,0.81,"0[sl]",78,00:00:03:01,,,,,,,,,,,,
,47360482,01/29/2026 03:39,01/29/2026 03:41,XAUUSD,Buy,0.070,5523.48000,5535.85000,5522.85000,5523.48000,0.0000,0.0000,63.0,4.41,0.12,"0[sl]",78,00:00:01:54,,,,,,,,,,,,
,47360437,01/29/2026 03:37,01/29/2026 03:38,XAUUSD,Buy,0.070,5522.58000,0.00000,5525.39000,5522.58000,0.0000,0.0000,-281.0,-19.67,-0.55,"0[sl]",78,00:00:00:20,,,,,,,,,,,,
,47360405,01/29/2026 03:36,01/29/2026 03:36,XAUUSD,Buy,0.070,5534.72000,0.00000,5536.97000,5534.72000,0.0000,0.0000,-225.0,-15.75,-0.44,"0[sl]",78,00:00:00:34,,,,,,,,,,,,
,47360373,01/29/2026 03:34,01/29/2026 03:36,XAUUSD,Buy,0.070,5537.10000,5543.32000,5530.32000,5537.10000,0.0000,0.0000,678.0,47.46,1.33,"0[sl]",78,00:00:01:55,,,,,,,,,,,,
,47360354,01/29/2026 03:32,01/29/2026 03:34,XAUUSD,Buy,0.070,5530.15000,5541.00000,5528.00000,5530.15000,0.0000,0.0000,215.0,15.05,0.42,"0[sl]",78,00:00:02:01,,,,,,,,,,,,
,47360331,01/29/2026 03:30,01/29/2026 03:31,XAUUSD,Buy,0.070,5520.32000,0.00000,5523.16000,5531.26000,0.0000,0.0000,810.0,56.70,1.62,"0",78,00:00:01:02,,,,,,,,,,,,
,47360301,01/29/2026 03:29,01/29/2026 03:29,XAUUSD,Buy,0.070,5524.05000,0.00000,5526.91000,5524.05000,0.0000,0.0000,-286.0,-20.02,-0.57,"0[sl]",78,00:00:00:33,,,,,,,,,,,,
,47360268,01/29/2026 03:27,01/29/2026 03:28,XAUUSD,Buy,0.070,5530.40000,0.00000,5533.32000,5530.40000,0.0000,0.0000,-292.0,-20.44,-0.58,"0[sl]",78,00:00:00:14,,,,,,,,,,,,
,47360237,01/29/2026 03:26,01/29/2026 03:27,XAUUSD,Buy,0.070,5531.94000,0.00000,5534.71000,5531.94000,0.0000,0.0000,-277.0,-19.39,-0.55,"0[sl]",78,00:00:00:40,,,,,,,,,,,,
,47360201,01/29/2026 03:24,01/29/2026 03:26,XAUUSD,Buy,0.070,5534.57000,5544.34000,5531.34000,5534.57000,0.0000,0.0000,323.0,22.61,0.64,"0[sl]",78,00:00:01:49,,,,,,,,,,,,
,47360166,01/29/2026 03:22,01/29/2026 03:24,XAUUSD,Buy,0.070,5531.33000,5537.23000,5524.23000,5531.33000,0.0000,0.0000,710.0,49.70,1.43,"0[sl]",78,00:00:02:00,,,,,,,,,,,,
,47360135,01/29/2026 03:21,01/29/2026 03:22,XAUUSD,Buy,0.070,5524.46000,5537.29000,5524.29000,5524.46000,0.0000,0.0000,17.0,1.19,0.03,"0[sl]",78,00:00:01:32,,,,,,,,,,,,
,47360098,01/29/2026 03:19,01/29/2026 03:21,XAUUSD,Buy,0.070,5524.09000,5539.89000,5526.89000,5524.09000,0.0000,0.0000,-280.0,-19.60,-0.56,"0[sl]",78,00:00:01:50,,,,,,,,,,,,
,47360053,01/29/2026 03:17,01/29/2026 03:17,XAUUSD,Buy,0.070,5529.74000,0.00000,5532.55000,5529.74000,0.0000,0.0000,-281.0,-19.67,-0.56,"0[sl]",78,00:00:00:09,,,,,,,,,,,,
,47360025,01/29/2026 03:16,01/29/2026 03:16,XAUUSD,Buy,0.070,5535.62000,0.00000,5538.33000,5535.62000,0.0000,0.0000,-271.0,-18.97,-0.54,"0[sl]",78,00:00:00:35,,,,,,,,,,,,
,47359983,01/29/2026 03:14,01/29/2026 03:15,XAUUSD,Buy,0.070,5537.39000,0.00000,5539.90000,5537.39000,0.0000,0.0000,-251.0,-17.57,-0.49,"0[sl]",78,00:00:00:33,,,,,,,,,,,,
,47359915,01/29/2026 03:12,01/29/2026 03:14,XAUUSD,Buy,0.070,5539.71000,5542.01000,5529.01000,5539.71000,0.0000,0.0000,1070.0,74.90,2.15,"0[sl]",78,00:00:02:02,,,,,,,,,,,,
,47359885,01/29/2026 03:10,01/29/2026 03:12,XAUUSD,Buy,0.070,5529.22000,5541.05000,5528.05000,5529.22000,0.0000,0.0000,117.0,8.19,0.24,"0[sl]",78,00:00:01:46,,,,,,,,,,,,
,47359840,01/29/2026 03:09,01/29/2026 03:09,XAUUSD,Sell,0.070,5523.27000,0.00000,5521.76000,5523.27000,0.0000,0.0000,-151.0,-10.57,-0.30,"0[sl]",168,00:00:00:03,,,,,,,,,,,,
,47359809,01/29/2026 03:07,01/29/2026 03:09,XAUUSD,Sell,0.070,5521.75000,5509.92000,5522.92000,5521.75000,0.0000,0.0000,117.0,8.19,0.24,"0[sl]",168,00:00:01:38,,,,,,,,,,,,
,47359685,01/29/2026 03:04,01/29/2026 03:07,XAUUSD,Buy,0.070,5510.90000,5525.82000,5512.82000,5525.82000,0.0000,0.0000,1300.0,91.00,2.69,"0[tp]",78,00:00:02:18,,,,,,,,,,,,
,47359756,01/29/2026 03:06,01/29/2026 03:06,XAUUSD,Sell,0.070,5525.16000,0.00000,5522.24000,5525.16000,0.0000,0.0000,-292.0,-20.44,-0.60,"0[sl]",168,00:00:00:37,,,,,,,,,,,,
,47359592,01/29/2026 03:03,01/29/2026 03:03,XAUUSD,Buy,0.070,5536.73000,0.00000,5538.97000,5536.73000,0.0000,0.0000,-224.0,-15.68,-0.46,"0[sl]",78,00:00:00:02,,,,,,,,,,,,
,47359499,01/29/2026 03:00,01/29/2026 03:02,XAUUSD,Buy,0.070,5547.68000,5549.23000,5536.23000,5547.68000,0.0000,0.0000,1145.0,80.15,2.40,"0[sl]",78,00:00:02:19,,,,,,,,,,,,
,47358735,01/29/2026 02:29,01/29/2026 02:30,XAUUSD,Buy,0.070,5520.64000,0.00000,5523.45000,5530.15000,0.0000,0.0000,670.0,46.90,1.43,"0",78,00:00:00:54,,,,,,,,,,,,
,47358716,01/29/2026 02:27,01/29/2026 02:28,XAUUSD,Buy,0.070,5521.38000,0.00000,5524.23000,5521.38000,0.0000,0.0000,-285.0,-19.95,-0.60,"0[sl]",78,00:00:00:41,,,,,,,,,,,,
,47358685,01/29/2026 02:26,01/29/2026 02:27,XAUUSD,Buy,0.070,5519.32000,0.00000,5522.06000,5519.32000,0.0000,0.0000,-274.0,-19.18,-0.58,"0[sl]",78,00:00:01:08,,,,,,,,,,,,
,47358650,01/29/2026 02:24,01/29/2026 02:26,XAUUSD,Buy,0.070,5521.85000,5531.86000,5518.86000,5521.85000,0.0000,0.0000,299.0,20.93,0.63,"0[sl]",78,00:00:02:26,,,,,,,,,,,,
,47358607,01/29/2026 02:22,01/29/2026 02:24,XAUUSD,Buy,0.070,5518.58000,5527.74000,5514.74000,5518.58000,0.0000,0.0000,384.0,26.88,0.82,"0[sl]",78,00:00:01:31,,,,,,,,,,,,
,47358564,01/29/2026 02:20,01/29/2026 02:22,XAUUSD,Buy,0.070,5516.31000,0.00000,5518.58000,5516.31000,0.0000,0.0000,-227.0,-15.89,-0.48,"0[sl]",78,00:00:01:01,,,,,,,,,,,,
,47358532,01/29/2026 02:19,01/29/2026 02:20,XAUUSD,Buy,0.070,5518.62000,5530.29000,5517.29000,5518.62000,0.0000,0.0000,133.0,9.31,0.28,"0[sl]",78,00:00:01:42,,,,,,,,,,,,
,47358493,01/29/2026 02:17,01/29/2026 02:18,XAUUSD,Buy,0.070,5512.64000,0.00000,5514.96000,5512.64000,0.0000,0.0000,-232.0,-16.24,-0.49,"0[sl]",78,00:00:00:15,,,,,,,,,,,,
,47358462,01/29/2026 02:16,01/29/2026 02:17,XAUUSD,Buy,0.070,5512.74000,0.00000,5515.53000,5512.74000,0.0000,0.0000,-279.0,-19.53,-0.59,"0[sl]",78,00:00:01:10,,,,,,,,,,,,
,47358420,01/29/2026 02:14,01/29/2026 02:15,XAUUSD,Buy,0.070,5517.79000,0.00000,5520.60000,5517.79000,0.0000,0.0000,-281.0,-19.67,-0.59,"0[sl]",78,00:00:00:40,,,,,,,,,,,,
,47358370,01/29/2026 02:13,01/29/2026 02:13,XAUUSD,Buy,0.070,5533.51000,0.00000,5536.10000,5533.51000,0.0000,0.0000,-259.0,-18.13,-0.54,"0[sl]",78,00:00:00:08,,,,,,,,,,,,
,47358333,01/29/2026 02:11,01/29/2026 02:13,XAUUSD,Buy,0.070,5535.75000,5541.26000,5528.26000,5535.75000,0.0000,0.0000,749.0,52.43,1.58,"0[sl]",78,00:00:01:44,,,,,,,,,,,,
,47358292,01/29/2026 02:10,01/29/2026 02:11,XAUUSD,Buy,0.070,5527.59000,5530.05000,5517.05000,5527.59000,0.0000,0.0000,1054.0,73.78,2.28,"0[sl]",78,00:00:01:33,,,,,,,,,,,,
,47357138,01/29/2026 01:24,01/29/2026 01:24,XAUUSD,Buy,0.070,5509.34000,0.00000,5511.75000,5509.34000,0.0000,0.0000,-241.0,-16.87,-0.52,"0[sl]",78,00:00:00:03,,,,,,,,,,,,
,47357110,01/29/2026 01:22,01/29/2026 01:24,XAUUSD,Buy,0.070,5511.48000,0.00000,5496.70000,5511.48000,0.0000,0.0000,1478.0,103.46,3.29,"0[sl]",78,00:00:01:35,,,,,,,,,,,,
,47357079,01/29/2026 01:21,01/29/2026 01:21,XAUUSD,Buy,0.070,5490.56000,0.00000,5493.62000,5490.56000,0.0000,0.0000,-306.0,-21.42,-0.68,"0[sl]",78,00:00:00:11,,,,,,,,,,,,
,47357046,01/29/2026 01:19,01/29/2026 01:20,XAUUSD,Buy,0.070,5497.22000,0.00000,5499.47000,5497.22000,0.0000,0.0000,-225.0,-15.75,-0.49,"0[sl]",78,00:00:00:15,,,,,,,,,,,,
,47357017,01/29/2026 01:18,01/29/2026 01:19,XAUUSD,Buy,0.070,5499.07000,5500.86000,5487.86000,5499.07000,0.0000,0.0000,1121.0,78.47,2.53,"0[sl]",78,00:00:01:37,,,,,,,,,,,,
,47356995,01/29/2026 01:16,01/29/2026 01:17,XAUUSD,Buy,0.070,5486.76000,0.00000,5489.56000,5486.76000,0.0000,0.0000,-280.0,-19.60,-0.63,"0[sl]",78,00:00:00:17,,,,,,,,,,,,
,47356946,01/29/2026 01:15,01/29/2026 01:16,XAUUSD,Buy,0.070,5489.21000,5493.49000,5480.49000,5489.21000,0.0000,0.0000,872.0,61.04,1.99,"0[sl]",78,00:00:01:42,,,,,,,,,,,,
,47356759,01/29/2026 01:08,01/29/2026 01:08,XAUUSD,Sell,0.070,5475.78000,0.00000,5473.37000,5475.78000,0.0000,0.0000,-241.0,-16.87,-0.55,"0[sl]",168,00:00:00:03,,,,,,,,,,,,
,47356733,01/29/2026 01:07,01/29/2026 01:07,XAUUSD,Sell,0.070,5474.09000,0.00000,5471.66000,5474.09000,0.0000,0.0000,-243.0,-17.01,-0.55,"0[sl]",168,00:00:00:01,,,,,,,,,,,,
,47356697,01/29/2026 01:05,01/29/2026 01:07,XAUUSD,Sell,0.070,5472.53000,5466.80000,5479.80000,5472.53000,0.0000,0.0000,727.0,50.89,1.67,"0[sl]",168,00:00:01:39,,,,,,,,,,,,
,47356648,01/29/2026 01:04,01/29/2026 01:04,XAUUSD,Buy,0.070,5473.93000,0.00000,5476.73000,5473.93000,0.0000,0.0000,-280.0,-19.60,-0.64,"0[sl]",78,00:00:00:04,,,,,,,,,,,,
,47356588,01/29/2026 01:02,01/29/2026 01:02,XAUUSD,Buy,0.070,5474.42000,0.00000,5476.69000,5474.42000,0.0000,0.0000,-227.0,-15.89,-0.52,"0[sl]",78,00:00:00:02,,,,,,,,,,,,
,47338762,01/28/2026 18:34,01/28/2026 18:35,XAUUSD,Buy,0.070,5285.60000,0.00000,5288.09000,5285.60000,0.0000,0.0000,-249.0,-17.43,-0.56,"0[sl]",78,00:00:00:23,,,,,,,,,,,,
,47338720,01/28/2026 18:33,01/28/2026 18:34,XAUUSD,Buy,0.070,5288.08000,5294.30000,5281.30000,5288.08000,0.0000,0.0000,678.0,47.46,1.55,"0[sl]",78,00:00:01:38,,,,,,,,,,,,
,47338656,01/28/2026 18:31,01/28/2026 18:32,XAUUSD,Buy,0.070,5282.42000,0.00000,5285.18000,5282.42000,0.0000,0.0000,-276.0,-19.32,-0.63,"0[sl]",78,00:00:00:31,,,,,,,,,,,,
,47338611,01/28/2026 18:30,01/28/2026 18:30,XAUUSD,Buy,0.070,5302.88000,0.00000,5305.68000,5302.88000,0.0000,0.0000,-280.0,-19.60,-0.63,"0[sl]",78,00:00:00:05,,,,,,,,,,,,
,47337363,01/28/2026 18:06,01/28/2026 18:08,XAUUSD,Buy,0.070,5303.46000,5308.21000,5295.21000,5303.46000,0.0000,0.0000,825.0,57.75,1.90,"0[sl]",78,00:00:01:45,,,,,,,,,,,,
,47337347,01/28/2026 18:05,01/28/2026 18:06,XAUUSD,Buy,0.070,5295.30000,5307.17000,5294.17000,5295.30000,0.0000,0.0000,113.0,7.91,0.26,"0[sl]",78,00:00:01:35,,,,,,,,,,,,
,47337289,01/28/2026 17:59,01/28/2026 18:01,XAUUSD,Buy,0.070,5296.92000,5310.11000,5297.11000,5296.92000,0.0000,0.0000,-19.0,-1.33,-0.04,"0[sl]",78,00:00:01:50,,,,,,,,,,,,
,47337271,01/28/2026 17:58,01/28/2026 17:59,XAUUSD,Buy,0.070,5299.16000,0.00000,5302.01000,5299.16000,0.0000,0.0000,-285.0,-19.95,-0.65,"0[sl]",78,00:00:00:57,,,,,,,,,,,,
,47337252,01/28/2026 17:56,01/28/2026 17:57,XAUUSD,Buy,0.070,5303.59000,5314.67000,5301.67000,5303.59000,0.0000,0.0000,192.0,13.44,0.44,"0[sl]",78,00:00:01:44,,,,,,,,,,,,
,47337237,01/28/2026 17:54,01/28/2026 17:56,XAUUSD,Buy,0.070,5301.62000,5312.88000,5299.88000,5301.62000,0.0000,0.0000,174.0,12.18,0.40,"0[sl]",78,00:00:01:39,,,,,,,,,,,,
,47337197,01/28/2026 17:52,01/28/2026 17:54,XAUUSD,Buy,0.070,5299.73000,5311.53000,5298.53000,5299.73000,0.0000,0.0000,120.0,8.40,0.28,"0[sl]",78,00:00:02:06,,,,,,,,,,,,
,47337156,01/28/2026 17:50,01/28/2026 17:52,XAUUSD,Buy,0.070,5298.36000,5303.20000,5290.20000,5298.36000,0.0000,0.0000,816.0,57.12,1.93,"0[sl]",78,00:00:02:18,,,,,,,,,,,,
,47337134,01/28/2026 17:48,01/28/2026 17:49,XAUUSD,Buy,0.070,5288.17000,0.00000,5290.40000,5288.17000,0.0000,0.0000,-223.0,-15.61,-0.52,"0[sl]",78,00:00:00:29,,,,,,,,,,,,
,47337116,01/28/2026 17:46,01/28/2026 17:48,XAUUSD,Buy,0.070,5290.24000,5299.04000,5286.04000,5290.24000,0.0000,0.0000,420.0,29.40,1.00,"0[sl]",78,00:00:01:58,,,,,,,,,,,,
,47337085,01/28/2026 17:44,01/28/2026 17:46,XAUUSD,Buy,0.070,5286.31000,5302.15000,5289.15000,5286.31000,0.0000,0.0000,-284.0,-19.88,-0.67,"0[sl]",78,00:00:02:06,,,,,,,,,,,,
,47337067,01/28/2026 17:43,01/28/2026 17:43,XAUUSD,Buy,0.070,5291.15000,0.00000,5293.95000,5291.15000,0.0000,0.0000,-280.0,-19.60,-0.66,"0[sl]",78,00:00:00:35,,,,,,,,,,,,
,47337038,01/28/2026 17:41,01/28/2026 17:41,XAUUSD,Buy,0.070,5287.21000,0.00000,5289.17000,5287.21000,0.0000,0.0000,-196.0,-13.72,-0.46,"0[sl]",78,00:00:00:01,,,,,,,,,,,,
,47337012,01/28/2026 17:39,01/28/2026 17:41,XAUUSD,Buy,0.070,5289.22000,5297.66000,5284.66000,5289.22000,0.0000,0.0000,456.0,31.92,1.08,"0[sl]",78,00:00:01:39,,,,,,,,,,,,
,47336980,01/28/2026 17:38,01/28/2026 17:39,XAUUSD,Buy,0.070,5292.21000,0.00000,5295.01000,5292.21000,0.0000,0.0000,-280.0,-19.60,-0.66,"0[sl]",78,00:00:00:44,,,,,,,,,,,,
,47336956,01/28/2026 17:36,01/28/2026 17:38,XAUUSD,Buy,0.070,5296.00000,5308.96000,5295.96000,5296.00000,0.0000,0.0000,4.0,0.28,0.01,"0[sl]",78,00:00:01:52,,,,,,,,,,,,
,47336923,01/28/2026 17:35,01/28/2026 17:35,XAUUSD,Buy,0.070,5290.84000,0.00000,5293.61000,5290.84000,0.0000,0.0000,-277.0,-19.39,-0.65,"0[sl]",78,00:00:00:08,,,,,,,,,,,,
,47336791,01/28/2026 17:25,01/28/2026 17:27,XAUUSD,Buy,0.070,5301.67000,5311.19000,5298.19000,5301.67000,0.0000,0.0000,348.0,24.36,0.82,"0[sl]",78,00:00:02:05,,,,,,,,,,,,
,47336781,01/28/2026 17:23,01/28/2026 17:25,XAUUSD,Buy,0.070,5298.57000,5312.08000,5299.08000,5298.57000,0.0000,0.0000,-51.0,-3.57,-0.12,"0[sl]",78,00:00:01:40,,,,,,,,,,,,
,47336757,01/28/2026 17:21,01/28/2026 17:23,XAUUSD,Buy,0.070,5298.80000,5308.51000,5295.51000,5298.80000,0.0000,0.0000,329.0,23.03,0.78,"0[sl]",78,00:00:01:51,,,,,,,,,,,,
,47336733,01/28/2026 17:20,01/28/2026 17:21,XAUUSD,Buy,0.070,5295.81000,5304.21000,5291.21000,5295.81000,0.0000,0.0000,460.0,32.20,1.10,"0[sl]",78,00:00:01:41,,,,,,,,,,,,
,47336708,01/28/2026 17:18,01/28/2026 17:18,XAUUSD,Buy,0.070,5292.14000,0.00000,5294.94000,5292.14000,0.0000,0.0000,-280.0,-19.60,-0.66,"0[sl]",78,00:00:00:15,,,,,,,,,,,,
,47336681,01/28/2026 17:17,01/28/2026 17:17,XAUUSD,Buy,0.070,5291.19000,0.00000,5292.41000,5291.19000,0.0000,0.0000,-122.0,-8.54,-0.29,"0[sl]",78,00:00:00:09,,,,,,,,,,,,
,47336666,01/28/2026 17:15,01/28/2026 17:17,XAUUSD,Buy,0.070,5293.04000,5308.84000,5295.84000,5293.04000,0.0000,0.0000,-280.0,-19.60,-0.66,"0[sl]",78,00:00:02:08,,,,,,,,,,,,
,47336279,01/28/2026 16:51,01/28/2026 16:53,XAUUSD,Buy,0.070,5290.09000,5301.95000,5288.95000,5290.09000,0.0000,0.0000,114.0,7.98,0.27,"0[sl]",78,00:00:01:36,,,,,,,,,,,,
,47336249,01/28/2026 16:49,01/28/2026 16:51,XAUUSD,Buy,0.070,5290.49000,5306.29000,5293.29000,5290.49000,0.0000,0.0000,-280.0,-19.60,-0.66,"0[sl]",78,00:00:01:36,,,,,,,,,,,,
,47336202,01/28/2026 16:47,01/28/2026 16:49,XAUUSD,Buy,0.070,5295.27000,5304.15000,5291.15000,5295.27000,0.0000,0.0000,412.0,28.84,0.97,"0[sl]",78,00:00:01:33,,,,,,,,,,,,
,47336126,01/28/2026 16:43,01/28/2026 16:46,XAUUSD,Buy,0.070,5294.34000,5297.07000,5284.07000,5294.34000,0.0000,0.0000,1027.0,71.89,2.49,"0[sl]",78,00:00:02:39,,,,,,,,,,,,
,47336105,01/28/2026 16:42,01/28/2026 16:43,XAUUSD,Buy,0.070,5283.92000,5295.41000,5282.41000,5283.92000,0.0000,0.0000,151.0,10.57,0.37,"0[sl]",78,00:00:01:50,,,,,,,,,,,,
,47336077,01/28/2026 16:40,01/28/2026 16:42,XAUUSD,Buy,0.070,5282.36000,5295.20000,5282.20000,5282.36000,0.0000,0.0000,16.0,1.12,0.04,"0[sl]",78,00:00:01:44,,,,,,,,,,,,
,47336054,01/28/2026 16:38,01/28/2026 16:39,XAUUSD,Buy,0.070,5282.99000,0.00000,5285.17000,5282.99000,0.0000,0.0000,-218.0,-15.26,-0.53,"0[sl]",78,00:00:00:47,,,,,,,,,,,,
,47336025,01/28/2026 16:37,01/28/2026 16:38,XAUUSD,Buy,0.070,5285.22000,5291.19000,5278.19000,5285.22000,0.0000,0.0000,703.0,49.21,1.73,"0[sl]",78,00:00:01:42,,,,,,,,,,,,
,47335997,01/28/2026 16:35,01/28/2026 16:37,XAUUSD,Buy,0.070,5278.06000,5293.84000,5280.84000,5278.06000,0.0000,0.0000,-278.0,-19.46,-0.68,"0[sl]",78,00:00:01:38,,,,,,,,,,,,
,47335952,01/28/2026 16:33,01/28/2026 16:35,XAUUSD,Buy,0.070,5280.68000,5291.84000,5278.84000,5280.68000,0.0000,0.0000,184.0,12.88,0.45,"0[sl]",78,00:00:01:51,,,,,,,,,,,,
,47335208,01/28/2026 15:53,01/28/2026 15:54,XAUUSD,Buy,0.070,5269.18000,0.00000,5271.37000,5269.18000,0.0000,0.0000,-219.0,-15.33,-0.54,"0[sl]",78,00:00:00:24,,,,,,,,,,,,
,47335183,01/28/2026 15:52,01/28/2026 15:52,XAUUSD,Buy,0.070,5269.91000,0.00000,5272.77000,5269.91000,0.0000,0.0000,-286.0,-20.02,-0.69,"0[sl]",78,00:00:00:04,,,,,,,,,,,,
,47335135,01/28/2026 15:50,01/28/2026 15:50,XAUUSD,Buy,0.070,5269.39000,0.00000,5270.80000,5269.39000,0.0000,0.0000,-141.0,-9.87,-0.34,"0[sl]",78,00:00:00:04,,,,,,,,,,,,
,47335108,01/28/2026 15:49,01/28/2026 15:50,XAUUSD,Buy,0.070,5271.77000,5287.56000,5274.56000,5271.77000,0.0000,0.0000,-279.0,-19.53,-0.67,"0[sl]",78,00:00:01:44,,,,,,,,,,,,
,47335025,01/28/2026 15:46,01/28/2026 15:48,XAUUSD,Buy,0.070,5276.36000,5287.69000,5274.69000,5276.36000,0.0000,0.0000,167.0,11.69,0.40,"0[sl]",78,00:00:01:43,,,,,,,,,,,,
,47334974,01/28/2026 15:43,01/28/2026 15:45,XAUUSD,Buy,0.070,5279.04000,5294.78000,5281.78000,5279.04000,0.0000,0.0000,-274.0,-19.18,-0.66,"0[sl]",78,00:00:01:42,,,,,,,,,,,,
,47334914,01/28/2026 15:41,01/28/2026 15:42,XAUUSD,Buy,0.070,5278.86000,0.00000,5281.71000,5278.86000,0.0000,0.0000,-285.0,-19.95,-0.68,"0[sl]",78,00:00:00:13,,,,,,,,,,,,
,47334841,01/28/2026 15:39,01/28/2026 15:41,XAUUSD,Buy,0.070,5282.98000,5287.37000,5274.37000,5282.98000,0.0000,0.0000,861.0,60.27,2.09,"0[sl]",78,00:00:01:47,,,,,,,,,,,,
,47334806,01/28/2026 15:38,01/28/2026 15:39,XAUUSD,Buy,0.070,5274.31000,5287.58000,5274.58000,5274.31000,0.0000,0.0000,-27.0,-1.89,-0.07,"0[sl]",78,00:00:01:34,,,,,,,,,,,,
,47334756,01/28/2026 15:36,01/28/2026 15:37,XAUUSD,Buy,0.070,5274.40000,0.00000,5276.59000,5274.40000,0.0000,0.0000,-219.0,-15.33,-0.53,"0[sl]",78,00:00:00:54,,,,,,,,,,,,
,47334721,01/28/2026 15:35,01/28/2026 15:36,XAUUSD,Buy,0.070,5276.63000,5282.88000,5269.88000,5276.63000,0.0000,0.0000,675.0,47.25,1.66,"0[sl]",78,00:00:01:32,,,,,,,,,,,,
,47334669,01/28/2026 15:33,01/28/2026 15:35,XAUUSD,Buy,0.070,5270.02000,5285.94000,5272.94000,5270.02000,0.0000,0.0000,-292.0,-20.44,-0.71,"0[sl]",78,00:00:01:32,,,,,,,,,,,,
,47334626,01/28/2026 15:32,01/28/2026 15:33,XAUUSD,Buy,0.070,5266.94000,0.00000,5269.75000,5266.94000,0.0000,0.0000,-281.0,-19.67,-0.68,"0[sl]",78,00:00:01:00,,,,,,,,,,,,
,47334575,01/28/2026 15:30,01/28/2026 15:30,XAUUSD,Buy,0.070,5272.51000,0.00000,5274.99000,5272.51000,0.0000,0.0000,-248.0,-17.36,-0.60,"0[sl]",78,00:00:00:01,,,,,,,,,,,,
,47334507,01/28/2026 15:29,01/28/2026 15:30,XAUUSD,Buy,0.070,5275.03000,5277.62000,5264.62000,5275.03000,0.0000,0.0000,1041.0,72.87,2.57,"0[sl]",78,00:00:01:36,,,,,,,,,,,,
,47334450,01/28/2026 15:27,01/28/2026 15:29,XAUUSD,Buy,0.070,5264.48000,5272.27000,5259.27000,5264.48000,0.0000,0.0000,521.0,36.47,1.30,"0[sl]",78,00:00:01:35,,,,,,,,,,,,
,47334358,01/28/2026 15:24,01/28/2026 15:27,XAUUSD,Sell,0.070,5275.45000,5259.08000,5272.08000,5259.08000,0.0000,0.0000,1300.0,91.00,3.36,"0[tp]",168,00:00:02:58,,,,,,,,,,,,
,47334400,01/28/2026 15:26,01/28/2026 15:26,XAUUSD,Buy,0.070,5267.50000,0.00000,5270.39000,5267.50000,0.0000,0.0000,-289.0,-20.23,-0.74,"0[sl]",78,00:00:00:16,,,,,,,,,,,,
,47334279,01/28/2026 15:23,01/28/2026 15:23,XAUUSD,Sell,0.070,5265.91000,0.00000,5262.99000,5265.91000,0.0000,0.0000,-292.0,-20.44,-0.74,"0[sl]",168,00:00:00:20,,,,,,,,,,,,
,47334208,01/28/2026 15:21,01/28/2026 15:23,XAUUSD,Sell,0.070,5263.27000,5252.81000,5265.81000,5263.27000,0.0000,0.0000,254.0,17.78,0.65,"0[sl]",168,00:00:01:35,,,,,,,,,,,,
,47334152,01/28/2026 15:20,01/28/2026 15:20,XAUUSD,Sell,0.070,5262.03000,0.00000,5259.49000,5262.03000,0.0000,0.0000,-254.0,-17.78,-0.65,"0[sl]",168,00:00:00:34,,,,,,,,,,,,
,47333794,01/28/2026 15:14,01/28/2026 15:14,XAUUSD,Sell,0.070,5259.52000,0.00000,5256.80000,5259.52000,0.0000,0.0000,-272.0,-19.04,-0.69,"0[sl]",168,00:00:00:13,,,,,,,,,,,,
,47333704,01/28/2026 15:12,01/28/2026 15:12,XAUUSD,Sell,0.070,5261.94000,0.00000,5259.38000,5261.94000,0.0000,0.0000,-256.0,-17.92,-0.64,"0[sl]",168,00:00:00:02,,,,,,,,,,,,
,47333617,01/28/2026 15:11,01/28/2026 15:11,XAUUSD,Sell,0.070,5252.55000,0.00000,5249.56000,5252.55000,0.0000,0.0000,-299.0,-20.93,-0.75,"0[sl]",168,00:00:00:17,,,,,,,,,,,,
,47333486,01/28/2026 15:09,01/28/2026 15:09,XAUUSD,Buy,0.070,5247.15000,0.00000,5250.82000,5247.15000,0.0000,0.0000,-367.0,-25.69,-0.91,"0[sl]",78,00:00:00:04,,,,,,,,,,,,
,47333317,01/28/2026 15:08,01/28/2026 15:08,XAUUSD,Buy,0.070,5255.00000,0.00000,5257.52000,5255.00000,0.0000,0.0000,-252.0,-17.64,-0.62,"0[sl]",78,00:00:00:01,,,,,,,,,,,,
,47332773,01/28/2026 14:54,01/28/2026 14:55,XAUUSD,Buy,0.050,5268.66000,0.00000,5271.50000,5275.36000,0.0000,0.0000,386.0,19.30,0.68,"0",78,00:00:01:04,,,,,,,,,,,,
,47332715,01/28/2026 14:53,01/28/2026 14:53,XAUUSD,Buy,0.050,5272.96000,0.00000,5275.77000,5272.96000,0.0000,0.0000,-281.0,-14.05,-0.49,"0[sl]",78,00:00:00:32,,,,,,,,,,,,
,47332669,01/28/2026 14:51,01/28/2026 14:52,XAUUSD,Buy,0.050,5276.57000,0.00000,5279.37000,5276.57000,0.0000,0.0000,-280.0,-14.00,-0.49,"0[sl]",78,00:00:00:55,,,,,,,,,,,,
,47332613,01/28/2026 14:50,01/28/2026 14:50,XAUUSD,Buy,0.050,5274.45000,0.00000,5276.20000,5274.45000,0.0000,0.0000,-175.0,-8.75,-0.31,"0[sl]",78,00:00:00:04,,,,,,,,,,,,
,47332570,01/28/2026 14:47,01/28/2026 14:50,XAUUSD,Buy,0.050,5276.55000,5289.22000,5276.22000,5276.55000,0.0000,0.0000,33.0,1.65,0.06,"0[sl]",78,00:00:02:22,,,,,,,,,,,,
,47332487,01/28/2026 14:44,01/28/2026 14:48,XAUUSD,Sell,0.050,5277.58000,5265.96000,5278.96000,5277.58000,0.0000,0.0000,138.0,6.90,0.24,"0[sl]",168,00:00:03:56,,,,,,,,,,,,
,47332531,01/28/2026 14:46,01/28/2026 14:47,XAUUSD,Buy,0.050,5276.30000,5288.90000,5275.90000,5276.30000,0.0000,0.0000,40.0,2.00,0.07,"0[sl]",78,00:00:01:38,,,,,,,,,,,,
,47332428,01/28/2026 14:42,01/28/2026 14:44,XAUUSD,Sell,0.050,5278.77000,5270.35000,5283.35000,5278.77000,0.0000,0.0000,458.0,22.90,0.81,"0[sl]",168,00:00:01:43,,,,,,,,,,,,
,47332362,01/28/2026 14:41,01/28/2026 14:41,XAUUSD,Sell,0.050,5276.97000,0.00000,5275.36000,5276.97000,0.0000,0.0000,-161.0,-8.05,-0.28,"0[sl]",168,00:00:00:11,,,,,,,,,,,,
,47332290,01/28/2026 14:39,01/28/2026 14:41,XAUUSD,Sell,0.050,5275.36000,5268.37000,5281.37000,5275.36000,0.0000,0.0000,601.0,30.05,1.07,"0[sl]",168,00:00:01:39,,,,,,,,,,,,
,47332216,01/28/2026 14:38,01/28/2026 14:38,XAUUSD,Sell,0.050,5277.22000,0.00000,5274.77000,5277.22000,0.0000,0.0000,-245.0,-12.25,-0.43,"0[sl]",168,00:00:00:03,,,,,,,,,,,,
,47332146,01/28/2026 14:36,01/28/2026 14:37,XAUUSD,Sell,0.050,5277.53000,0.00000,5274.65000,5277.53000,0.0000,0.0000,-288.0,-14.40,-0.51,"0[sl]",168,00:00:00:39,,,,,,,,,,,,
,47332037,01/28/2026 14:35,01/28/2026 14:35,XAUUSD,Sell,0.050,5269.39000,0.00000,5266.91000,5269.39000,0.0000,0.0000,-248.0,-12.40,-0.44,"0[sl]",168,00:00:00:10,,,,,,,,,,,,
,47331759,01/28/2026 14:29,01/28/2026 14:31,XAUUSD,Sell,0.050,5253.80000,5251.68000,5264.68000,5253.80000,0.0000,0.0000,1088.0,54.40,1.95,"0[sl]",168,00:00:01:49,,,,,,,,,,,,
,47331712,01/28/2026 14:27,01/28/2026 14:28,XAUUSD,Sell,0.050,5265.00000,0.00000,5262.36000,5265.00000,0.0000,0.0000,-264.0,-13.20,-0.47,"0[sl]",168,00:00:00:41,,,,,,,,,,,,
,47331646,01/28/2026 14:24,01/28/2026 14:27,XAUUSD,Sell,0.050,5262.40000,5255.05000,5268.05000,5262.40000,0.0000,0.0000,565.0,28.25,1.02,"0[sl]",168,00:00:03:25,,,,,,,,,,,,
,47331614,01/28/2026 14:22,01/28/2026 14:24,XAUUSD,Sell,0.050,5267.96000,5255.46000,5268.46000,5267.96000,0.0000,0.0000,50.0,2.50,0.09,"0[sl]",168,00:00:01:34,,,,,,,,,,,,
,47331564,01/28/2026 14:21,01/28/2026 14:22,XAUUSD,Sell,0.050,5269.19000,0.00000,5266.77000,5269.19000,0.0000,0.0000,-242.0,-12.10,-0.43,"0[sl]",168,00:00:01:17,,,,,,,,,,,,
,47331513,01/28/2026 14:18,01/28/2026 14:21,XAUUSD,Sell,0.050,5266.64000,5250.99000,5263.99000,5266.64000,0.0000,0.0000,-265.0,-13.25,-0.47,"0[sl]",168,00:00:02:20,,,,,,,,,,,,
,47331491,01/28/2026 14:17,01/28/2026 14:18,XAUUSD,Sell,0.050,5264.15000,5250.86000,5263.86000,5264.15000,0.0000,0.0000,-29.0,-1.45,-0.05,"0[sl]",168,00:00:01:59,,,,,,,,,,,,
,47331461,01/28/2026 14:15,01/28/2026 14:15,XAUUSD,Sell,0.050,5264.23000,0.00000,5261.56000,5264.23000,0.0000,0.0000,-267.0,-13.35,-0.47,"0[sl]",168,00:00:00:03,,,,,,,,,,,,
,47331379,01/28/2026 14:12,01/28/2026 14:15,XAUUSD,Sell,0.050,5261.23000,5248.28000,5261.28000,5261.23000,0.0000,0.0000,5.0,0.25,0.01,"0[sl]",168,00:00:03:20,,,,,,,,,,,,
,47331335,01/28/2026 14:10,01/28/2026 14:11,XAUUSD,Sell,0.050,5264.55000,0.00000,5261.87000,5264.55000,0.0000,0.0000,-268.0,-13.40,-0.47,"0[sl]",168,00:00:01:18,,,,,,,,,,,,
,47331059,01/28/2026 14:02,01/28/2026 14:03,XAUUSD,Sell,0.050,5259.40000,5250.53000,5263.53000,5259.40000,0.0000,0.0000,413.0,20.65,0.73,"0[sl]",168,00:00:01:58,,,,,,,,,,,,
,47331008,01/28/2026 14:00,01/28/2026 14:01,XAUUSD,Sell,0.050,5263.42000,5255.56000,5268.56000,5263.42000,0.0000,0.0000,514.0,25.70,0.92,"0[sl]",168,00:00:01:33,,,,,,,,,,,,
,47330981,01/28/2026 13:58,01/28/2026 14:00,XAUUSD,Sell,0.050,5268.66000,5252.86000,5265.86000,5268.66000,0.0000,0.0000,-280.0,-14.00,-0.50,"0[sl]",168,00:00:01:50,,,,,,,,,,,,
,47330960,01/28/2026 13:56,01/28/2026 13:58,XAUUSD,Sell,0.050,5265.62000,5254.75000,5267.75000,5265.62000,0.0000,0.0000,213.0,10.65,0.38,"0[sl]",168,00:00:01:36,,,,,,,,,,,,
,47330933,01/28/2026 13:55,01/28/2026 13:55,XAUUSD,Sell,0.050,5266.02000,0.00000,5263.62000,5266.02000,0.0000,0.0000,-240.0,-12.00,-0.43,"0[sl]",168,00:00:00:15,,,,,,,,,,,,
,47330894,01/28/2026 13:53,01/28/2026 13:55,XAUUSD,Sell,0.050,5263.77000,5250.48000,5263.48000,5263.77000,0.0000,0.0000,-29.0,-1.45,-0.05,"0[sl]",168,00:00:01:38,,,,,,,,,,,,
,47330866,01/28/2026 13:51,01/28/2026 13:53,XAUUSD,Sell,0.050,5263.50000,5253.66000,5266.66000,5263.50000,0.0000,0.0000,316.0,15.80,0.57,"0[sl]",168,00:00:01:56,,,,,,,,,,,,
,47330834,01/28/2026 13:49,01/28/2026 13:51,XAUUSD,Sell,0.050,5266.48000,5252.97000,5265.97000,5266.48000,0.0000,0.0000,-51.0,-2.55,-0.09,"0[sl]",168,00:00:02:01,,,,,,,,,,,,
,47330796,01/28/2026 13:48,01/28/2026 13:49,XAUUSD,Sell,0.050,5265.85000,5254.33000,5267.33000,5265.85000,0.0000,0.0000,148.0,7.40,0.27,"0[sl]",168,00:00:01:50,,,,,,,,,,,,
,47330749,01/28/2026 13:46,01/28/2026 13:46,XAUUSD,Sell,0.050,5263.81000,0.00000,5261.98000,5263.81000,0.0000,0.0000,-183.0,-9.15,-0.33,"0[sl]",168,00:00:00:06,,,,,,,,,,,,
,47330690,01/28/2026 13:45,01/28/2026 13:46,XAUUSD,Sell,0.050,5262.02000,5248.66000,5261.66000,5262.02000,0.0000,0.0000,-36.0,-1.80,-0.06,"0[sl]",168,00:00:01:34,,,,,,,,,,,,
,47330614,01/28/2026 13:42,01/28/2026 13:44,XAUUSD,Buy,0.050,5262.10000,5273.74000,5260.74000,5262.10000,0.0000,0.0000,136.0,6.80,0.24,"0[sl]",78,00:00:01:31,,,,,,,,,,,,
,47329242,01/28/2026 12:51,01/28/2026 12:53,XAUUSD,Buy,0.050,5271.08000,5282.65000,5269.65000,5271.08000,0.0000,0.0000,143.0,7.15,0.26,"0[sl]",78,00:00:01:47,,,,,,,,,,,,
,47329195,01/28/2026 12:49,01/28/2026 12:51,XAUUSD,Buy,0.050,5269.56000,5279.45000,5266.45000,5269.56000,0.0000,0.0000,311.0,15.55,0.56,"0[sl]",78,00:00:02:09,,,,,,,,,,,,
,47329167,01/28/2026 12:47,01/28/2026 12:48,XAUUSD,Buy,0.050,5267.85000,0.00000,5270.79000,5267.85000,0.0000,0.0000,-294.0,-14.70,-0.53,"0[sl]",78,00:00:00:50,,,,,,,,,,,,
,47329151,01/28/2026 12:45,01/28/2026 12:47,XAUUSD,Buy,0.050,5270.57000,5282.92000,5269.92000,5270.57000,0.0000,0.0000,65.0,3.25,0.12,"0[sl]",78,00:00:02:35,,,,,,,,,,,,
,47329097,01/28/2026 12:43,01/28/2026 12:46,XAUUSD,Sell,0.050,5270.92000,5257.80000,5270.80000,5270.92000,0.0000,0.0000,-12.0,-0.60,-0.02,"0[sl]",168,00:00:02:56,,,,,,,,,,,,
,47329073,01/28/2026 12:42,01/28/2026 12:43,XAUUSD,Sell,0.050,5270.87000,5255.07000,5268.07000,5270.87000,0.0000,0.0000,-280.0,-14.00,-0.50,"0[sl]",168,00:00:01:33,,,,,,,,,,,,
,47329035,01/28/2026 12:40,01/28/2026 12:42,XAUUSD,Sell,0.050,5268.18000,5256.68000,5269.68000,5268.18000,0.0000,0.0000,150.0,7.50,0.27,"0[sl]",168,00:00:01:39,,,,,,,,,,,,
,47329001,01/28/2026 12:38,01/28/2026 12:39,XAUUSD,Sell,0.050,5269.86000,0.00000,5267.06000,5269.86000,0.0000,0.0000,-280.0,-14.00,-0.50,"0[sl]",168,00:00:00:45,,,,,,,,,,,,
,47328966,01/28/2026 12:37,01/28/2026 12:38,XAUUSD,Sell,0.050,5268.29000,0.00000,5265.49000,5268.29000,0.0000,0.0000,-280.0,-14.00,-0.50,"0[sl]",168,00:00:00:54,,,,,,,,,,,,
,47328934,01/28/2026 12:35,01/28/2026 12:37,XAUUSD,Sell,0.050,5265.48000,5252.84000,5265.84000,5265.48000,0.0000,0.0000,36.0,1.80,0.06,"0[sl]",168,00:00:01:33,,,,,,,,,,,,
,47328892,01/28/2026 12:31,01/28/2026 12:35,XAUUSD,Sell,0.050,5265.42000,5249.62000,5262.62000,5265.42000,0.0000,0.0000,-280.0,-14.00,-0.50,"0[sl]",168,00:00:04:26,,,,,,,,,,,,
,47328855,01/28/2026 12:29,01/28/2026 12:30,XAUUSD,Sell,0.050,5264.00000,0.00000,5261.40000,5264.00000,0.0000,0.0000,-260.0,-13.00,-0.46,"0[sl]",168,00:00:00:34,,,,,,,,,,,,
,47328819,01/28/2026 12:28,01/28/2026 12:29,XAUUSD,Sell,0.050,5261.43000,5252.26000,5265.26000,5261.43000,0.0000,0.0000,383.0,19.15,0.68,"0[sl]",168,00:00:01:51,,,,,,,,,,,,
,47328776,01/28/2026 12:26,01/28/2026 12:28,XAUUSD,Sell,0.050,5265.42000,5253.59000,5266.59000,5265.42000,0.0000,0.0000,117.0,5.85,0.21,"0[sl]",168,00:00:02:04,,,,,,,,,,,,
,47328721,01/28/2026 12:22,01/28/2026 12:26,XAUUSD,Sell,0.050,5266.95000,5253.53000,5266.53000,5266.95000,0.0000,0.0000,-42.0,-2.10,-0.07,"0[sl]",168,00:00:03:20,,,,,,,,,,,,
,47328674,01/28/2026 12:21,01/28/2026 12:21,XAUUSD,Sell,0.050,5266.47000,0.00000,5263.67000,5266.47000,0.0000,0.0000,-280.0,-14.00,-0.50,"0[sl]",168,00:00:00:45,,,,,,,,,,,,
,47328646,01/28/2026 12:19,01/28/2026 12:19,XAUUSD,Sell,0.050,5262.10000,0.00000,5260.32000,5262.10000,0.0000,0.0000,-178.0,-8.90,-0.31,"0[sl]",168,00:00:00:16,,,,,,,,,,,,
,47328617,01/28/2026 12:17,01/28/2026 12:19,XAUUSD,Sell,0.050,5259.61000,5251.14000,5264.14000,5259.61000,0.0000,0.0000,453.0,22.65,0.81,"0[sl]",168,00:00:01:54,,,,,,,,,,,,
,47328601,01/28/2026 12:16,01/28/2026 12:17,XAUUSD,Sell,0.050,5263.54000,0.00000,5260.74000,5263.54000,0.0000,0.0000,-280.0,-14.00,-0.50,"0[sl]",168,00:00:01:19,,,,,,,,,,,,
,47328554,01/28/2026 12:14,01/28/2026 12:15,XAUUSD,Sell,0.050,5264.06000,0.00000,5261.56000,5264.06000,0.0000,0.0000,-250.0,-12.50,-0.44,"0[sl]",168,00:00:00:48,,,,,,,,,,,,
,47328516,01/28/2026 12:13,01/28/2026 12:14,XAUUSD,Sell,0.050,5261.21000,0.00000,5258.41000,5261.21000,0.0000,0.0000,-280.0,-14.00,-0.49,"0[sl]",168,00:00:00:56,,,,,,,,,,,,
,47328461,01/28/2026 12:11,01/28/2026 12:12,XAUUSD,Sell,0.050,5261.72000,0.00000,5258.96000,5261.72000,0.0000,0.0000,-276.0,-13.80,-0.48,"0[sl]",168,00:00:00:34,,,,,,,,,,,,
,47328433,01/28/2026 12:10,01/28/2026 12:11,XAUUSD,Sell,0.050,5258.89000,5243.31000,5256.31000,5258.89000,0.0000,0.0000,-258.0,-12.90,-0.45,"0[sl]",168,00:00:01:46,,,,,,,,,,,,
,47328405,01/28/2026 12:08,01/28/2026 12:10,XAUUSD,Sell,0.050,5256.35000,5241.52000,5254.52000,5256.35000,0.0000,0.0000,-183.0,-9.15,-0.32,"0[sl]",168,00:00:01:32,,,,,,,,,,,,
,47328346,01/28/2026 12:06,01/28/2026 12:08,XAUUSD,Sell,0.050,5254.45000,5241.24000,5254.24000,5254.45000,0.0000,0.0000,-21.0,-1.05,-0.04,"0[sl]",168,00:00:02:28,,,,,,,,,,,,
,47328291,01/28/2026 12:04,01/28/2026 12:06,XAUUSD,Sell,0.050,5254.37000,5246.34000,5259.34000,5254.37000,0.0000,0.0000,497.0,24.85,0.87,"0[sl]",168,00:00:01:53,,,,,,,,,,,,
,47328228,01/28/2026 12:02,01/28/2026 12:04,XAUUSD,Sell,0.050,5259.42000,5248.08000,5261.08000,5259.42000,0.0000,0.0000,166.0,8.30,0.29,"0[sl]",168,00:00:01:34,,,,,,,,,,,,
,47328203,01/28/2026 12:01,01/28/2026 12:02,XAUUSD,Sell,0.050,5261.30000,5250.51000,5263.51000,5261.30000,0.0000,0.0000,221.0,11.05,0.39,"0[sl]",168,00:00:01:32,,,,,,,,,,,,
,47328185,01/28/2026 11:59,01/28/2026 12:01,XAUUSD,Sell,0.050,5263.44000,5247.71000,5260.71000,5263.44000,0.0000,0.0000,-273.0,-13.65,-0.48,"0[sl]",168,00:00:01:40,,,,,,,,,,,,
,47328157,01/28/2026 11:57,01/28/2026 11:59,XAUUSD,Sell,0.050,5261.06000,5248.67000,5261.67000,5261.06000,0.0000,0.0000,61.0,3.05,0.11,"0[sl]",168,00:00:02:03,,,,,,,,,,,,
,47328122,01/28/2026 11:55,01/28/2026 11:57,XAUUSD,Sell,0.050,5261.64000,5248.95000,5261.95000,5261.64000,0.0000,0.0000,31.0,1.55,0.05,"0[sl]",168,00:00:02:16,,,,,,,,,,,,
,47328077,01/28/2026 11:53,01/28/2026 11:55,XAUUSD,Sell,0.050,5261.95000,5252.46000,5265.46000,5261.95000,0.0000,0.0000,351.0,17.55,0.62,"0[sl]",168,00:00:01:56,,,,,,,,,,,,
,47328044,01/28/2026 11:51,01/28/2026 11:53,XAUUSD,Sell,0.050,5265.51000,5252.73000,5265.73000,5265.51000,0.0000,0.0000,22.0,1.10,0.04,"0[sl]",168,00:00:02:01,,,,,,,,,,,,
,47328010,01/28/2026 11:49,01/28/2026 11:51,XAUUSD,Sell,0.050,5265.87000,5252.42000,5265.42000,5265.87000,0.0000,0.0000,-45.0,-2.25,-0.08,"0[sl]",168,00:00:02:02,,,,,,,,,,,,
,47327975,01/28/2026 11:47,01/28/2026 11:48,XAUUSD,Sell,0.050,5265.55000,0.00000,5264.14000,5265.55000,0.0000,0.0000,-141.0,-7.05,-0.25,"0[sl]",168,00:00:00:56,,,,,,,,,,,,
,47327945,01/28/2026 11:44,01/28/2026 11:47,XAUUSD,Sell,0.050,5263.46000,5247.58000,5260.58000,5263.46000,0.0000,0.0000,-288.0,-14.40,-0.50,"0[sl]",168,00:00:03:23,,,,,,,,,,,,
,47327924,01/28/2026 11:41,01/28/2026 11:44,XAUUSD,Sell,0.050,5260.66000,5247.98000,5260.98000,5260.66000,0.0000,0.0000,32.0,1.60,0.06,"0[sl]",168,00:00:02:15,,,,,,,,,,,,
,47327896,01/28/2026 11:40,01/28/2026 11:41,XAUUSD,Sell,0.050,5262.49000,0.00000,5259.67000,5262.49000,0.0000,0.0000,-282.0,-14.10,-0.49,"0[sl]",168,00:00:01:11,,,,,,,,,,,,
,47327867,01/28/2026 11:38,01/28/2026 11:39,XAUUSD,Sell,0.050,5258.60000,0.00000,5256.93000,5258.60000,0.0000,0.0000,-167.0,-8.35,-0.29,"0[sl]",168,00:00:00:07,,,,,,,,,,,,
,47327822,01/28/2026 11:36,01/28/2026 11:38,XAUUSD,Sell,0.050,5256.99000,5241.19000,5254.19000,5256.99000,0.0000,0.0000,-280.0,-14.00,-0.48,"0[sl]",168,00:00:02:20,,,,,,,,,,,,
,47327799,01/28/2026 11:34,01/28/2026 11:36,XAUUSD,Sell,0.050,5254.31000,5243.25000,5256.25000,5254.31000,0.0000,0.0000,194.0,9.70,0.34,"0[sl]",168,00:00:01:51,,,,,,,,,,,,
,47327776,01/28/2026 11:33,01/28/2026 11:33,XAUUSD,Sell,0.050,5257.91000,0.00000,5255.11000,5257.91000,0.0000,0.0000,-280.0,-14.00,-0.48,"0[sl]",168,00:00:00:21,,,,,,,,,,,,
,47327733,01/28/2026 11:31,01/28/2026 11:33,XAUUSD,Sell,0.050,5255.17000,5244.52000,5257.52000,5255.17000,0.0000,0.0000,235.0,11.75,0.41,"0[sl]",168,00:00:01:44,,,,,,,,,,,,
,47327706,01/28/2026 11:30,01/28/2026 11:30,XAUUSD,Sell,0.050,5262.06000,0.00000,5259.26000,5262.06000,0.0000,0.0000,-280.0,-14.00,-0.48,"0[sl]",168,00:00:00:08,,,,,,,,,,,,
,47327377,01/28/2026 11:14,01/28/2026 11:16,XAUUSD,Buy,0.050,5257.38000,5273.20000,5260.20000,5257.38000,0.0000,0.0000,-282.0,-14.10,-0.48,"0[sl]",78,00:00:01:46,,,,,,,,,,,,
,47327340,01/28/2026 11:12,01/28/2026 11:14,XAUUSD,Buy,0.050,5260.08000,5272.32000,5259.32000,5260.08000,0.0000,0.0000,76.0,3.80,0.13,"0[sl]",78,00:00:02:00,,,,,,,,,,,,
,47327262,01/28/2026 11:10,01/28/2026 11:12,XAUUSD,Buy,0.050,5259.25000,5270.68000,5257.68000,5259.25000,0.0000,0.0000,157.0,7.85,0.27,"0[sl]",78,00:00:01:57,,,,,,,,,,,,
,47327221,01/28/2026 11:09,01/28/2026 11:09,XAUUSD,Buy,0.050,5250.68000,0.00000,5253.48000,5250.68000,0.0000,0.0000,-280.0,-14.00,-0.48,"0[sl]",78,00:00:00:26,,,,,,,,,,,,
,47327153,01/28/2026 11:07,01/28/2026 11:08,XAUUSD,Buy,0.050,5249.03000,0.00000,5251.82000,5254.67000,0.0000,0.0000,285.0,14.25,0.49,"0",78,00:00:01:12,,,,,,,,,,,,
,47327065,01/28/2026 11:06,01/28/2026 11:06,XAUUSD,Buy,0.050,5236.73000,0.00000,5239.22000,5247.73000,0.0000,0.0000,851.0,42.55,1.49,"0",78,00:00:00:39,,,,,,,,,,,,
,47326938,01/28/2026 11:04,01/28/2026 11:04,XAUUSD,Buy,0.050,5249.11000,0.00000,5252.20000,5249.11000,0.0000,0.0000,-309.0,-15.45,-0.54,"0[sl]",78,00:00:00:14,,,,,,,,,,,,
,47326897,01/28/2026 11:03,01/28/2026 11:04,XAUUSD,Buy,0.050,5263.43000,0.00000,5266.23000,5263.43000,0.0000,0.0000,-280.0,-14.00,-0.48,"0[sl]",78,00:00:01:26,,,,,,,,,,,,
,47326861,01/28/2026 11:01,01/28/2026 11:02,XAUUSD,Buy,0.050,5266.03000,0.00000,5268.83000,5266.03000,0.0000,0.0000,-280.0,-14.00,-0.48,"0[sl]",78,00:00:00:57,,,,,,,,,,,,
,47326806,01/28/2026 11:00,01/28/2026 11:00,XAUUSD,Buy,0.050,5266.57000,0.00000,5269.37000,5266.57000,0.0000,0.0000,-280.0,-14.00,-0.48,"0[sl]",78,00:00:00:15,,,,,,,,,,,,
,47326778,01/28/2026 10:58,01/28/2026 10:59,XAUUSD,Buy,0.050,5270.36000,0.00000,5273.26000,5270.36000,0.0000,0.0000,-290.0,-14.50,-0.49,"0[sl]",78,00:00:01:08,,,,,,,,,,,,
,47326752,01/28/2026 10:56,01/28/2026 10:58,XAUUSD,Buy,0.050,5273.00000,5288.82000,5275.82000,5273.00000,0.0000,0.0000,-282.0,-14.10,-0.48,"0[sl]",78,00:00:01:54,,,,,,,,,,,,
,47326717,01/28/2026 10:54,01/28/2026 10:56,XAUUSD,Buy,0.050,5275.72000,5291.29000,5278.29000,5275.72000,0.0000,0.0000,-257.0,-12.85,-0.43,"0[sl]",78,00:00:02:22,,,,,,,,,,,,
,47326687,01/28/2026 10:52,01/28/2026 10:54,XAUUSD,Buy,0.050,5278.25000,5289.06000,5276.06000,5278.25000,0.0000,0.0000,219.0,10.95,0.37,"0[sl]",78,00:00:01:57,,,,,,,,,,,,
,47326668,01/28/2026 10:49,01/28/2026 10:52,XAUUSD,Buy,0.050,5275.92000,5288.86000,5275.86000,5275.92000,0.0000,0.0000,6.0,0.30,0.01,"0[sl]",78,00:00:02:55,,,,,,,,,,,,
,47326644,01/28/2026 10:47,01/28/2026 10:49,XAUUSD,Buy,0.050,5275.71000,5287.20000,5274.20000,5275.71000,0.0000,0.0000,151.0,7.55,0.26,"0[sl]",78,00:00:01:47,,,,,,,,,,,,
,47326621,01/28/2026 10:46,01/28/2026 10:47,XAUUSD,Buy,0.050,5273.83000,0.00000,5276.50000,5273.83000,0.0000,0.0000,-267.0,-13.35,-0.45,"0[sl]",78,00:00:01:25,,,,,,,,,,,,
,47326582,01/28/2026 10:44,01/28/2026 10:46,XAUUSD,Buy,0.050,5276.39000,5285.94000,5272.94000,5276.39000,0.0000,0.0000,345.0,17.25,0.59,"0[sl]",78,00:00:02:04,,,,,,,,,,,,
,47326543,01/28/2026 10:41,01/28/2026 10:44,XAUUSD,Buy,0.050,5272.87000,5285.48000,5272.48000,5272.87000,0.0000,0.0000,39.0,1.95,0.07,"0[sl]",78,00:00:02:12,,,,,,,,,,,,
,47326505,01/28/2026 10:40,01/28/2026 10:41,XAUUSD,Buy,0.050,5272.59000,5285.71000,5272.71000,5272.59000,0.0000,0.0000,-12.0,-0.60,-0.02,"0[sl]",78,00:00:01:52,,,,,,,,,,,,
,47326473,01/28/2026 10:38,01/28/2026 10:40,XAUUSD,Buy,0.050,5272.58000,5284.04000,5271.04000,5272.58000,0.0000,0.0000,154.0,7.70,0.26,"0[sl]",78,00:00:01:54,,,,,,,,,,,,
,47326438,01/28/2026 10:36,01/28/2026 10:38,XAUUSD,Buy,0.050,5271.08000,5283.86000,5270.86000,5271.08000,0.0000,0.0000,22.0,1.10,0.04,"0[sl]",78,00:00:01:48,,,,,,,,,,,,
,47326382,01/28/2026 10:34,01/28/2026 10:35,XAUUSD,Buy,0.050,5271.70000,0.00000,5274.50000,5271.70000,0.0000,0.0000,-280.0,-14.00,-0.48,"0[sl]",78,00:00:00:33,,,,,,,,,,,,
,47326360,01/28/2026 10:32,01/28/2026 10:34,XAUUSD,Buy,0.050,5274.45000,5287.12000,5274.12000,5274.45000,0.0000,0.0000,33.0,1.65,0.06,"0[sl]",78,00:00:02:05,,,,,,,,,,,,
,47326330,01/28/2026 10:31,01/28/2026 10:32,XAUUSD,Buy,0.050,5274.02000,5289.81000,5276.81000,5274.02000,0.0000,0.0000,-279.0,-13.95,-0.47,"0[sl]",78,00:00:01:44,,,,,,,,,,,,
,47326288,01/28/2026 10:29,01/28/2026 10:30,XAUUSD,Buy,0.050,5275.67000,0.00000,5278.32000,5275.67000,0.0000,0.0000,-265.0,-13.25,-0.45,"0[sl]",78,00:00:00:37,,,,,,,,,,,,
,47326271,01/28/2026 10:27,01/28/2026 10:29,XAUUSD,Buy,0.050,5278.26000,5291.15000,5278.15000,5278.26000,0.0000,0.0000,11.0,0.55,0.02,"0[sl]",78,00:00:01:38,,,,,,,,,,,,
,47326252,01/28/2026 10:25,01/28/2026 10:27,XAUUSD,Buy,0.050,5277.99000,5289.75000,5276.75000,5277.99000,0.0000,0.0000,124.0,6.20,0.21,"0[sl]",78,00:00:02:04,,,,,,,,,,,,
,47326232,01/28/2026 10:24,01/28/2026 10:25,XAUUSD,Buy,0.050,5277.39000,0.00000,5280.02000,5277.39000,0.0000,0.0000,-263.0,-13.15,-0.44,"0[sl]",78,00:00:01:15,,,,,,,,,,,,
,47326197,01/28/2026 10:19,01/28/2026 10:24,XAUUSD,Buy,0.050,5279.88000,5290.38000,5277.38000,5279.88000,0.0000,0.0000,250.0,12.50,0.42,"0[sl]",78,00:00:04:24,,,,,,,,,,,,
,47326178,01/28/2026 10:17,01/28/2026 10:19,XAUUSD,Buy,0.050,5277.42000,5293.22000,5280.22000,5277.42000,0.0000,0.0000,-280.0,-14.00,-0.47,"0[sl]",78,00:00:02:04,,,,,,,,,,,,
,47326153,01/28/2026 10:16,01/28/2026 10:17,XAUUSD,Buy,0.050,5277.17000,0.00000,5279.97000,5277.17000,0.0000,0.0000,-280.0,-14.00,-0.47,"0[sl]",78,00:00:00:46,,,,,,,,,,,,
,47326109,01/28/2026 10:14,01/28/2026 10:16,XAUUSD,Buy,0.050,5279.79000,5294.55000,5281.55000,5279.79000,0.0000,0.0000,-176.0,-8.80,-0.29,"0[sl]",78,00:00:02:22,,,,,,,,,,,,
,47326053,01/28/2026 10:11,01/28/2026 10:14,XAUUSD,Buy,0.050,5281.51000,5297.31000,5284.31000,5281.51000,0.0000,0.0000,-280.0,-14.00,-0.47,"0[sl]",78,00:00:02:43,,,,,,,,,,,,
,47326011,01/28/2026 10:09,01/28/2026 10:10,XAUUSD,Sell,0.050,5283.44000,0.00000,5280.64000,5283.44000,0.0000,0.0000,-280.0,-14.00,-0.46,"0[sl]",168,00:00:00:47,,,,,,,,,,,,
,47325972,01/28/2026 10:08,01/28/2026 10:09,XAUUSD,Sell,0.050,5280.44000,0.00000,5277.97000,5280.44000,0.0000,0.0000,-247.0,-12.35,-0.41,"0[sl]",168,00:00:01:09,,,,,,,,,,,,
,47325948,01/28/2026 10:06,01/28/2026 10:08,XAUUSD,Sell,0.050,5277.85000,5263.03000,5276.03000,5277.85000,0.0000,0.0000,-182.0,-9.10,-0.30,"0[sl]",168,00:00:02:18,,,,,,,,,,,,
,47325925,01/28/2026 10:04,01/28/2026 10:06,XAUUSD,Sell,0.050,5275.38000,5264.11000,5277.11000,5275.38000,0.0000,0.0000,173.0,8.65,0.28,"0[sl]",168,00:00:01:55,,,,,,,,,,,,
,47325890,01/28/2026 10:02,01/28/2026 10:04,XAUUSD,Sell,0.050,5277.28000,5265.74000,5278.74000,5277.28000,0.0000,0.0000,146.0,7.30,0.24,"0[sl]",168,00:00:01:56,,,,,,,,,,,,
,47325844,01/28/2026 10:00,01/28/2026 10:02,XAUUSD,Sell,0.050,5278.04000,5265.09000,5278.09000,5278.04000,0.0000,0.0000,5.0,0.25,0.01,"0[sl]",168,00:00:02:08,,,,,,,,,,,,
,47324895,01/28/2026 09:14,01/28/2026 09:16,XAUUSD,Buy,0.050,5279.00000,0.00000,5281.80000,5279.00000,0.0000,0.0000,-280.0,-14.00,-0.46,"0[sl]",78,00:00:01:18,,,,,,,,,,,,
,47324847,01/28/2026 09:13,01/28/2026 09:14,XAUUSD,Buy,0.050,5281.50000,0.00000,5284.31000,5281.50000,0.0000,0.0000,-281.0,-14.05,-0.46,"0[sl]",78,00:00:00:54,,,,,,,,,,,,
,47324786,01/28/2026 09:11,01/28/2026 09:12,XAUUSD,Buy,0.050,5289.45000,0.00000,5292.17000,5289.45000,0.0000,0.0000,-272.0,-13.60,-0.44,"0[sl]",78,00:00:00:54,,,,,,,,,,,,
,47324762,01/28/2026 09:10,01/28/2026 09:11,XAUUSD,Buy,0.050,5291.93000,0.00000,5294.63000,5291.93000,0.0000,0.0000,-270.0,-13.50,-0.44,"0[sl]",78,00:00:01:19,,,,,,,,,,,,
,47324727,01/28/2026 09:07,01/28/2026 09:10,XAUUSD,Buy,0.050,5294.42000,5304.08000,5291.08000,5294.42000,0.0000,0.0000,334.0,16.70,0.54,"0[sl]",78,00:00:02:18,,,,,,,,,,,,
,47324696,01/28/2026 09:06,01/28/2026 09:07,XAUUSD,Buy,0.050,5290.28000,0.00000,5292.74000,5290.28000,0.0000,0.0000,-246.0,-12.30,-0.40,"0[sl]",78,00:00:00:47,,,,,,,,,,,,
,47324680,01/28/2026 09:04,01/28/2026 09:06,XAUUSD,Buy,0.050,5292.72000,5306.26000,5293.26000,5292.72000,0.0000,0.0000,-54.0,-2.70,-0.09,"0[sl]",78,00:00:01:48,,,,,,,,,,,,
,47324654,01/28/2026 09:03,01/28/2026 09:04,XAUUSD,Buy,0.050,5293.05000,5305.83000,5292.83000,5293.05000,0.0000,0.0000,22.0,1.10,0.04,"0[sl]",78,00:00:01:37,,,,,,,,,,,,
,47324625,01/28/2026 09:01,01/28/2026 09:02,XAUUSD,Buy,0.050,5292.82000,0.00000,5295.13000,5292.82000,0.0000,0.0000,-231.0,-11.55,-0.37,"0[sl]",78,00:00:00:45,,,,,,,,,,,,
,47324581,01/28/2026 08:59,01/28/2026 09:01,XAUUSD,Buy,0.050,5295.56000,5307.26000,5294.26000,5295.56000,0.0000,0.0000,130.0,6.50,0.21,"0[sl]",78,00:00:01:37,,,,,,,,,,,,
,47324560,01/28/2026 08:58,01/28/2026 08:59,XAUUSD,Buy,0.050,5294.18000,5306.82000,5293.82000,5294.18000,0.0000,0.0000,36.0,1.80,0.06,"0[sl]",78,00:00:01:45,,,,,,,,,,,,
,47324528,01/28/2026 08:56,01/28/2026 08:58,XAUUSD,Buy,0.050,5293.67000,5305.78000,5292.78000,5293.67000,0.0000,0.0000,89.0,4.45,0.14,"0[sl]",78,00:00:01:50,,,,,,,,,,,,
,47324484,01/28/2026 08:54,01/28/2026 08:56,XAUUSD,Buy,0.050,5290.92000,0.00000,5293.72000,5290.92000,0.0000,0.0000,-280.0,-14.00,-0.45,"0[sl]",78,00:00:01:24,,,,,,,,,,,,
,47324436,01/28/2026 08:53,01/28/2026 08:54,XAUUSD,Buy,0.050,5286.93000,0.00000,5289.73000,5293.98000,0.0000,0.0000,425.0,21.25,0.69,"0",78,00:00:01:24,,,,,,,,,,,,
,47324390,01/28/2026 08:51,01/28/2026 08:52,XAUUSD,Buy,0.050,5285.18000,0.00000,5287.98000,5285.18000,0.0000,0.0000,-280.0,-14.00,-0.45,"0[sl]",78,00:00:00:42,,,,,,,,,,,,
,47324348,01/28/2026 08:49,01/28/2026 08:51,XAUUSD,Buy,0.050,5287.84000,5298.26000,5285.26000,5287.84000,0.0000,0.0000,258.0,12.90,0.42,"0[sl]",78,00:00:02:03,,,,,,,,,,,,
,47324302,01/28/2026 08:47,01/28/2026 08:49,XAUUSD,Buy,0.050,5285.04000,5294.39000,5281.39000,5285.04000,0.0000,0.0000,365.0,18.25,0.60,"0[sl]",78,00:00:02:04,,,,,,,,,,,,
,47324233,01/28/2026 08:46,01/28/2026 08:46,XAUUSD,Buy,0.050,5280.83000,0.00000,5283.63000,5280.83000,0.0000,0.0000,-280.0,-14.00,-0.46,"0[sl]",78,00:00:00:12,,,,,,,,,,,,
,47324147,01/28/2026 08:44,01/28/2026 08:45,XAUUSD,Buy,0.050,5289.23000,0.00000,5291.55000,5289.23000,0.0000,0.0000,-232.0,-11.60,-0.38,"0[sl]",78,00:00:00:30,,,,,,,,,,,,
,47324090,01/28/2026 08:43,01/28/2026 08:44,XAUUSD,Buy,0.050,5291.57000,5307.20000,5294.20000,5291.57000,0.0000,0.0000,-263.0,-13.15,-0.42,"0[sl]",78,00:00:01:37,,,,,,,,,,,,
,47324065,01/28/2026 08:41,01/28/2026 08:43,XAUUSD,Buy,0.050,5293.99000,5309.79000,5296.79000,5293.99000,0.0000,0.0000,-280.0,-14.00,-0.45,"0[sl]",78,00:00:01:30,,,,,,,,,,,,
,47324000,01/28/2026 08:40,01/28/2026 08:41,XAUUSD,Buy,0.050,5296.61000,5310.13000,5297.13000,5296.61000,0.0000,0.0000,-52.0,-2.60,-0.08,"0[sl]",78,00:00:01:34,,,,,,,,,,,,
,47317327,01/28/2026 06:46,01/28/2026 06:50,XAUUSD,Buy,0.050,5261.96000,5271.70000,5258.70000,5261.96000,0.0000,0.0000,326.0,16.30,0.53,"0[sl]",78,00:00:04:50,,,,,,,,,,,,
,47317185,01/28/2026 06:44,01/28/2026 06:46,XAUUSD,Buy,0.050,5258.71000,5274.27000,5261.27000,5258.71000,0.0000,0.0000,-256.0,-12.80,-0.41,"0[sl]",78,00:00:01:49,,,,,,,,,,,,
,47317144,01/28/2026 06:42,01/28/2026 06:44,XAUUSD,Buy,0.050,5262.20000,5274.80000,5261.80000,5262.20000,0.0000,0.0000,40.0,2.00,0.06,"0[sl]",78,00:00:01:53,,,,,,,,,,,,
,47317078,01/28/2026 06:39,01/28/2026 06:42,XAUUSD,Buy,0.050,5261.64000,5273.33000,5260.33000,5261.64000,0.0000,0.0000,131.0,6.55,0.21,"0[sl]",78,00:00:03:13,,,,,,,,,,,,
,47316894,01/28/2026 06:37,01/28/2026 06:39,XAUUSD,Buy,0.050,5260.30000,5276.10000,5263.10000,5260.30000,0.0000,0.0000,-280.0,-14.00,-0.45,"0[sl]",78,00:00:02:08,,,,,,,,,,,,
,47316787,01/28/2026 06:33,01/28/2026 06:36,XAUUSD,Buy,0.050,5262.95000,5271.57000,5258.57000,5262.95000,0.0000,0.0000,438.0,21.90,0.71,"0[sl]",78,00:00:03:04,,,,,,,,,,,,
,47316730,01/28/2026 06:32,01/28/2026 06:33,XAUUSD,Buy,0.050,5258.59000,0.00000,5261.22000,5258.59000,0.0000,0.0000,-263.0,-13.15,-0.42,"0[sl]",78,00:00:01:29,,,,,,,,,,,,
,47316670,01/28/2026 06:30,01/28/2026 06:32,XAUUSD,Buy,0.050,5261.15000,5269.98000,5256.98000,5261.15000,0.0000,0.0000,417.0,20.85,0.68,"0[sl]",78,00:00:02:05,,,,,,,,,,,,
,47316629,01/28/2026 06:28,01/28/2026 06:30,XAUUSD,Buy,0.050,5256.78000,5270.06000,5257.06000,5256.78000,0.0000,0.0000,-28.0,-1.40,-0.05,"0[sl]",78,00:00:01:49,,,,,,,,,,,,
,47316584,01/28/2026 06:26,01/28/2026 06:28,XAUUSD,Buy,0.050,5256.99000,5266.25000,5253.25000,5256.99000,0.0000,0.0000,374.0,18.70,0.61,"0[sl]",78,00:00:01:51,,,,,,,,,,,,
,47316530,01/28/2026 06:25,01/28/2026 06:25,XAUUSD,Buy,0.050,5256.50000,0.00000,5259.30000,5256.50000,0.0000,0.0000,-280.0,-14.00,-0.45,"0[sl]",78,00:00:00:39,,,,,,,,,,,,
,47316310,01/28/2026 06:18,01/28/2026 06:20,XAUUSD,Buy,0.050,5263.82000,5275.30000,5262.30000,5263.82000,0.0000,0.0000,152.0,7.60,0.25,"0[sl]",78,00:00:01:33,,,,,,,,,,,,
,47316275,01/28/2026 06:15,01/28/2026 06:18,XAUUSD,Buy,0.050,5262.20000,5273.60000,5260.60000,5262.20000,0.0000,0.0000,160.0,8.00,0.26,"0[sl]",78,00:00:03:19,,,,,,,,,,,,
,47316245,01/28/2026 06:13,01/28/2026 06:15,XAUUSD,Buy,0.050,5260.54000,5272.92000,5259.92000,5260.54000,0.0000,0.0000,62.0,3.10,0.10,"0[sl]",78,00:00:01:44,,,,,,,,,,,,
,47316168,01/28/2026 06:09,01/28/2026 06:13,XAUUSD,Buy,0.050,5259.82000,5265.89000,5252.89000,5259.82000,0.0000,0.0000,693.0,34.65,1.14,"0[sl]",78,00:00:03:47,,,,,,,,,,,,
,47316134,01/28/2026 06:08,01/28/2026 06:08,XAUUSD,Buy,0.050,5254.94000,0.00000,5257.69000,5254.94000,0.0000,0.0000,-275.0,-13.75,-0.45,"0[sl]",78,00:00:00:04,,,,,,,,,,,,
,47316094,01/28/2026 06:06,01/28/2026 06:08,XAUUSD,Buy,0.050,5257.50000,5267.26000,5254.26000,5257.50000,0.0000,0.0000,324.0,16.20,0.54,"0[sl]",78,00:00:01:34,,,,,,,,,,,,
,47316049,01/28/2026 06:05,01/28/2026 06:05,XAUUSD,Buy,0.050,5254.98000,0.00000,5257.78000,5254.98000,0.0000,0.0000,-280.0,-14.00,-0.46,"0[sl]",78,00:00:00:37,,,,,,,,,,,,
,47316011,01/28/2026 06:03,01/28/2026 06:04,XAUUSD,Buy,0.050,5258.54000,0.00000,5260.77000,5258.54000,0.0000,0.0000,-223.0,-11.15,-0.37,"0[sl]",78,00:00:00:36,,,,,,,,,,,,
,47315984,01/28/2026 06:01,01/28/2026 06:03,XAUUSD,Buy,0.050,5261.05000,5274.60000,5261.60000,5261.05000,0.0000,0.0000,-55.0,-2.75,-0.09,"0[sl]",78,00:00:01:44,,,,,,,,,,,,
,47315942,01/28/2026 06:00,01/28/2026 06:01,XAUUSD,Buy,0.050,5261.53000,5274.43000,5261.43000,5261.53000,0.0000,0.0000,10.0,0.50,0.02,"0[sl]",78,00:00:01:55,,,,,,,,,,,,
,47312094,01/28/2026 04:46,01/28/2026 04:46,XAUUSD,Buy,0.050,5233.66000,0.00000,5236.46000,5237.90000,0.0000,0.0000,144.0,7.20,0.24,"0",78,00:00:00:21,,,,,,,,,,,,
,47312081,01/28/2026 04:44,01/28/2026 04:46,XAUUSD,Buy,0.050,5237.34000,5253.11000,5240.11000,5237.34000,0.0000,0.0000,-277.0,-13.85,-0.45,"0[sl]",78,00:00:01:48,,,,,,,,,,,,
,47312065,01/28/2026 04:42,01/28/2026 04:44,XAUUSD,Buy,0.050,5240.14000,5253.20000,5240.20000,5240.14000,0.0000,0.0000,-6.0,-0.30,-0.01,"0[sl]",78,00:00:02:05,,,,,,,,,,,,
,47312033,01/28/2026 04:40,01/28/2026 04:42,XAUUSD,Buy,0.050,5240.29000,5251.99000,5238.99000,5240.29000,0.0000,0.0000,130.0,6.50,0.21,"0[sl]",78,00:00:02:16,,,,,,,,,,,,
,47311982,01/28/2026 04:36,01/28/2026 04:40,XAUUSD,Buy,0.050,5238.79000,5248.59000,5235.59000,5238.79000,0.0000,0.0000,320.0,16.00,0.53,"0[sl]",78,00:00:03:42,,,,,,,,,,,,
,47311961,01/28/2026 04:34,01/28/2026 04:36,XAUUSD,Buy,0.050,5235.41000,5251.21000,5238.21000,5235.41000,0.0000,0.0000,-280.0,-14.00,-0.46,"0[sl]",78,00:00:02:28,,,,,,,,,,,,
,47311948,01/28/2026 04:32,01/28/2026 04:34,XAUUSD,Buy,0.050,5239.17000,5251.09000,5238.09000,5239.17000,0.0000,0.0000,108.0,5.40,0.18,"0[sl]",78,00:00:01:57,,,,,,,,,,,,
,47311927,01/28/2026 04:28,01/28/2026 04:31,XAUUSD,Buy,0.050,5239.57000,5251.20000,5238.20000,5239.57000,0.0000,0.0000,137.0,6.85,0.23,"0[sl]",78,00:00:02:32,,,,,,,,,,,,
,47311908,01/28/2026 04:27,01/28/2026 04:28,XAUUSD,Buy,0.050,5237.67000,5253.47000,5240.47000,5237.67000,0.0000,0.0000,-280.0,-14.00,-0.46,"0[sl]",78,00:00:01:47,,,,,,,,,,,,
,47311885,01/28/2026 04:24,01/28/2026 04:27,XAUUSD,Buy,0.050,5240.31000,5252.29000,5239.29000,5240.31000,0.0000,0.0000,102.0,5.10,0.17,"0[sl]",78,00:00:02:16,,,,,,,,,,,,
,47311862,01/28/2026 04:22,01/28/2026 04:24,XAUUSD,Buy,0.050,5239.19000,5251.53000,5238.53000,5239.19000,0.0000,0.0000,66.0,3.30,0.11,"0[sl]",78,00:00:01:55,,,,,,,,,,,,
,47311807,01/28/2026 04:18,01/28/2026 04:22,XAUUSD,Buy,0.050,5238.49000,5246.87000,5233.87000,5238.49000,0.0000,0.0000,462.0,23.10,0.76,"0[sl]",78,00:00:04:51,,,,,,,,,,,,
,47311775,01/28/2026 04:14,01/28/2026 04:17,XAUUSD,Buy,0.050,5233.76000,5246.94000,5233.94000,5233.76000,0.0000,0.0000,-18.0,-0.90,-0.03,"0[sl]",78,00:00:03:44,,,,,,,,,,,,
,47311740,01/28/2026 04:10,01/28/2026 04:13,XAUUSD,Sell,0.030,5236.69000,5224.98000,5236.98000,5234.24000,0.0000,0.0000,274.0,8.22,0.27,"0",168,00:00:03:42,,,,,,,,,,,,
,47311704,01/28/2026 04:07,01/28/2026 04:11,XAUUSD,Buy,0.030,5234.64000,5249.05000,5237.05000,5234.64000,0.0000,0.0000,-241.0,-7.23,-0.24,"0[sl]",78,00:00:03:26,,,,,,,,,,,,
,47311678,01/28/2026 04:05,01/28/2026 04:07,XAUUSD,Buy,0.030,5237.32000,5251.68000,5239.68000,5237.32000,0.0000,0.0000,-236.0,-7.08,-0.23,"0[sl]",78,00:00:02:53,,,,,,,,,,,,
,47311644,01/28/2026 04:02,01/28/2026 04:07,XAUUSD,Sell,0.030,5238.96000,5226.85000,5238.85000,5238.96000,0.0000,0.0000,-11.0,-0.33,-0.01,"0[sl]",168,00:00:05:13,,,,,,,,,,,,
,47311596,01/28/2026 03:59,01/28/2026 04:02,XAUUSD,Buy,0.030,5237.73000,5246.24000,5234.24000,5237.73000,0.0000,0.0000,349.0,10.47,0.35,"0[sl]",78,00:00:03:08,,,,,,,,,,,,
,47311616,01/28/2026 04:00,01/28/2026 04:02,XAUUSD,Sell,0.030,5238.81000,0.00000,5236.34000,5238.81000,0.0000,0.0000,-247.0,-7.41,-0.24,"0[sl]",168,00:00:01:20,,,,,,,,,,,,
,47311569,01/28/2026 03:57,01/28/2026 03:59,XAUUSD,Buy,0.030,5234.30000,5244.91000,5232.91000,5234.30000,0.0000,0.0000,139.0,4.17,0.14,"0[sl]",78,00:00:01:33,,,,,,,,,,,,
,47311527,01/28/2026 03:56,01/28/2026 03:56,XAUUSD,Buy,0.030,5233.25000,0.00000,5235.50000,5233.25000,0.0000,0.0000,-225.0,-6.75,-0.22,"0[sl]",78,00:00:00:07,,,,,,,,,,,,
,47311506,01/28/2026 03:54,01/28/2026 03:56,XAUUSD,Buy,0.030,5235.99000,5250.52000,5238.52000,5235.99000,0.0000,0.0000,-253.0,-7.59,-0.25,"0[sl]",78,00:00:01:35,,,,,,,,,,,,
,47311465,01/28/2026 03:53,01/28/2026 03:53,XAUUSD,Buy,0.030,5239.59000,0.00000,5241.75000,5239.59000,0.0000,0.0000,-216.0,-6.48,-0.21,"0[sl]",78,00:00:00:24,,,,,,,,,,,,
,47311339,01/28/2026 03:51,01/28/2026 03:53,XAUUSD,Buy,0.030,5241.69000,5254.07000,5242.07000,5241.69000,0.0000,0.0000,-38.0,-1.14,-0.04,"0[sl]",78,00:00:01:51,,,,,,,,,,,,
,47311233,01/28/2026 03:49,01/28/2026 03:50,XAUUSD,Sell,0.030,5241.99000,0.00000,5239.49000,5241.99000,0.0000,0.0000,-250.0,-7.50,-0.25,"0[sl]",168,00:00:00:58,,,,,,,,,,,,
,47311196,01/28/2026 03:48,01/28/2026 03:49,XAUUSD,Sell,0.030,5239.59000,5225.50000,5237.50000,5239.59000,0.0000,0.0000,-209.0,-6.27,-0.21,"0[sl]",168,00:00:01:32,,,,,,,,,,,,
,47311149,01/28/2026 03:45,01/28/2026 03:48,XAUUSD,Sell,0.030,5237.59000,5223.34000,5235.34000,5237.59000,0.0000,0.0000,-225.0,-6.75,-0.22,"0[sl]",168,00:00:02:37,,,,,,,,,,,,
,47311119,01/28/2026 03:44,01/28/2026 03:45,XAUUSD,Sell,0.030,5235.46000,5220.93000,5232.93000,5235.46000,0.0000,0.0000,-253.0,-7.59,-0.25,"0[sl]",168,00:00:01:31,,,,,,,,,,,,
,47311084,01/28/2026 03:42,01/28/2026 03:42,XAUUSD,Sell,0.030,5230.17000,0.00000,5227.64000,5230.17000,0.0000,0.0000,-253.0,-7.59,-0.25,"0[sl]",168,00:00:00:27,,,,,,,,,,,,
,47311035,01/28/2026 03:41,01/28/2026 03:42,XAUUSD,Sell,0.030,5228.19000,0.00000,5225.66000,5228.19000,0.0000,0.0000,-253.0,-7.59,-0.25,"0[sl]",168,00:00:01:15,,,,,,,,,,,,
,47310998,01/28/2026 03:39,01/28/2026 03:39,XAUUSD,Buy,0.030,5229.71000,0.00000,5232.24000,5229.71000,0.0000,0.0000,-253.0,-7.59,-0.25,"0[sl]",78,00:00:00:25,,,,,,,,,,,,
,47310958,01/28/2026 03:38,01/28/2026 03:38,XAUUSD,Buy,0.030,5229.58000,0.00000,5232.11000,5229.58000,0.0000,0.0000,-253.0,-7.59,-0.24,"0[sl]",78,00:00:00:04,,,,,,,,,,,,
,47310919,01/28/2026 03:36,01/28/2026 03:37,XAUUSD,Buy,0.030,5232.39000,0.00000,5234.92000,5232.39000,0.0000,0.0000,-253.0,-7.59,-0.24,"0[sl]",78,00:00:00:48,,,,,,,,,,,,
,47310892,01/28/2026 03:35,01/28/2026 03:35,XAUUSD,Buy,0.030,5234.42000,0.00000,5237.10000,5234.42000,0.0000,0.0000,-268.0,-8.04,-0.26,"0[sl]",78,00:00:00:13,,,,,,,,,,,,
,47306979,01/28/2026 02:21,01/28/2026 02:23,XAUUSD,Buy,0.030,5215.04000,5221.54000,5209.54000,5215.04000,0.0000,0.0000,550.0,16.50,0.53,"0[sl]",78,00:00:01:57,,,,,,,,,,,,
,47306874,01/28/2026 02:14,01/28/2026 02:16,XAUUSD,Buy,0.030,5211.48000,5218.76000,5206.76000,5211.48000,0.0000,0.0000,472.0,14.16,0.46,"0[sl]",78,00:00:01:45,,,,,,,,,,,,
,47306822,01/28/2026 02:12,01/28/2026 02:13,XAUUSD,Buy,0.030,5208.07000,5217.81000,5205.81000,5208.07000,0.0000,0.0000,226.0,6.78,0.22,"0[sl]",78,00:00:01:32,,,,,,,,,,,,
,47306768,01/28/2026 02:10,01/28/2026 02:11,XAUUSD,Buy,0.030,5204.34000,0.00000,5206.85000,5204.34000,0.0000,0.0000,-251.0,-7.53,-0.24,"0[sl]",78,00:00:00:14,,,,,,,,,,,,
,47306686,01/28/2026 02:08,01/28/2026 02:09,XAUUSD,Buy,0.030,5212.85000,5221.92000,5209.92000,5212.85000,0.0000,0.0000,293.0,8.79,0.29,"0[sl]",78,00:00:01:51,,,,,,,,,,,,
,47306641,01/28/2026 02:06,01/28/2026 02:06,XAUUSD,Buy,0.030,5204.12000,0.00000,5206.43000,5204.12000,0.0000,0.0000,-231.0,-6.93,-0.22,"0[sl]",78,00:00:00:05,,,,,,,,,,,,
,47306599,01/28/2026 02:05,01/28/2026 02:05,XAUUSD,Buy,0.030,5205.35000,0.00000,5207.89000,5205.35000,0.0000,0.0000,-254.0,-7.62,-0.25,"0[sl]",78,00:00:00:26,,,,,,,,,,,,
,47303488,01/28/2026 01:35,01/28/2026 01:36,XAUUSD,Buy,0.030,5193.95000,5199.82000,5187.82000,5193.95000,0.0000,0.0000,613.0,18.39,0.60,"0[sl]",78,00:00:01:44,,,,,,,,,,,,
,47303256,01/28/2026 01:28,01/28/2026 01:30,XAUUSD,Buy,0.030,5194.89000,5202.16000,5190.16000,5194.89000,0.0000,0.0000,473.0,14.19,0.46,"0[sl]",78,00:00:01:42,,,,,,,,,,,,
,47303214,01/28/2026 01:26,01/28/2026 01:28,XAUUSD,Buy,0.030,5190.25000,5197.33000,5185.33000,5190.25000,0.0000,0.0000,492.0,14.76,0.48,"0[sl]",78,00:00:02:01,,,,,,,,,,,,
,47303161,01/28/2026 01:25,01/28/2026 01:25,XAUUSD,Buy,0.030,5187.72000,0.00000,5189.87000,5187.72000,0.0000,0.0000,-215.0,-6.45,-0.21,"0[sl]",78,00:00:00:02,,,,,,,,,,,,
,47303134,01/28/2026 01:23,01/28/2026 01:25,XAUUSD,Buy,0.030,5189.93000,5201.81000,5189.81000,5189.93000,0.0000,0.0000,12.0,0.36,0.01,"0[sl]",78,00:00:01:38,,,,,,,,,,,,
,47303080,01/28/2026 01:21,01/28/2026 01:23,XAUUSD,Buy,0.030,5189.83000,5198.14000,5186.14000,5189.83000,0.0000,0.0000,369.0,11.07,0.36,"0[sl]",78,00:00:01:46,,,,,,,,,,,,
,47303026,01/28/2026 01:20,01/28/2026 01:21,XAUUSD,Buy,0.030,5185.93000,5195.85000,5183.85000,5185.93000,0.0000,0.0000,208.0,6.24,0.21,"0[sl]",78,00:00:01:37,,,,,,,,,,,,
,47283428,01/27/2026 14:03,01/27/2026 14:06,XAUUSD,Sell,0.030,5060.95000,5058.34000,5070.34000,5060.95000,0.0000,0.0000,939.0,28.17,0.94,"0[sl]",168,00:00:02:58,,,,,,,,,,,,
,47283349,01/27/2026 14:01,01/27/2026 14:01,XAUUSD,Sell,0.030,5075.34000,0.00000,5073.67000,5075.34000,0.0000,0.0000,-167.0,-5.01,-0.17,"0[sl]",168,00:00:00:10,,,,,,,,,,,,
,47283284,01/27/2026 14:00,01/27/2026 14:01,XAUUSD,Sell,0.030,5073.45000,5063.46000,5075.46000,5073.45000,0.0000,0.0000,201.0,6.03,0.20,"0[sl]",168,00:00:01:32,,,,,,,,,,,,
,47283248,01/27/2026 13:57,01/27/2026 14:00,XAUUSD,Sell,0.030,5076.62000,5067.19000,5079.19000,5076.62000,0.0000,0.0000,257.0,7.71,0.26,"0[sl]",168,00:00:02:17,,,,,,,,,,,,
,47283213,01/27/2026 13:55,01/27/2026 13:57,XAUUSD,Sell,0.030,5079.31000,5068.13000,5080.13000,5079.31000,0.0000,0.0000,82.0,2.46,0.08,"0[sl]",168,00:00:01:49,,,,,,,,,,,,
,47283160,01/27/2026 13:54,01/27/2026 13:55,XAUUSD,Sell,0.030,5080.02000,5069.26000,5081.26000,5080.02000,0.0000,0.0000,124.0,3.72,0.12,"0[sl]",168,00:00:01:38,,,,,,,,,,,,
,47282454,01/27/2026 13:34,01/27/2026 13:35,XAUUSD,Sell,0.030,5079.09000,0.00000,5076.76000,5079.09000,0.0000,0.0000,-233.0,-6.99,-0.23,"0[sl]",168,00:00:01:08,,,,,,,,,,,,
,47282384,01/27/2026 13:32,01/27/2026 13:34,XAUUSD,Sell,0.030,5076.31000,5073.17000,5085.17000,5076.31000,0.0000,0.0000,886.0,26.58,0.89,"0[sl]",168,00:00:02:21,,,,,,,,,,,,
,47282344,01/27/2026 13:31,01/27/2026 13:32,XAUUSD,Sell,0.030,5085.02000,0.00000,5082.63000,5085.02000,0.0000,0.0000,-239.0,-7.17,-0.24,"0[sl]",168,00:00:01:26,,,,,,,,,,,,
,47282303,01/27/2026 13:29,01/27/2026 13:31,XAUUSD,Buy,0.030,5081.49000,5088.96000,5076.96000,5083.00000,0.0000,0.0000,604.0,18.12,0.61,"0",78,00:00:02:05,,,,,,,,,,,,
,47282239,01/27/2026 13:28,01/27/2026 13:29,XAUUSD,Buy,0.030,5080.86000,0.00000,5083.35000,5080.86000,0.0000,0.0000,-249.0,-7.47,-0.25,"0[sl]",78,00:00:01:21,,,,,,,,,,,,
,47282185,01/27/2026 13:26,01/27/2026 13:27,XAUUSD,Buy,0.030,5080.81000,0.00000,5083.42000,5080.81000,0.0000,0.0000,-261.0,-7.83,-0.26,"0[sl]",78,00:00:00:43,,,,,,,,,,,,
,47282144,01/27/2026 13:25,01/27/2026 13:25,XAUUSD,Buy,0.030,5083.50000,0.00000,5086.04000,5083.50000,0.0000,0.0000,-254.0,-7.62,-0.26,"0[sl]",78,00:00:00:04,,,,,,,,,,,,
,47281978,01/27/2026 13:16,01/27/2026 13:18,XAUUSD,Buy,0.030,5088.56000,5098.87000,5086.87000,5088.56000,0.0000,0.0000,169.0,5.07,0.17,"0[sl]",78,00:00:01:38,,,,,,,,,,,,
,47281941,01/27/2026 13:14,01/27/2026 13:16,XAUUSD,Sell,0.030,5089.01000,5079.38000,5091.38000,5089.01000,0.0000,0.0000,237.0,7.11,0.24,"0[sl]",168,00:00:02:03,,,,,,,,,,,,
,47281900,01/27/2026 13:12,01/27/2026 13:13,XAUUSD,Sell,0.030,5090.28000,0.00000,5087.71000,5090.28000,0.0000,0.0000,-257.0,-7.71,-0.26,"0[sl]",168,00:00:00:16,,,,,,,,,,,,
,47281843,01/27/2026 13:11,01/27/2026 13:12,XAUUSD,Sell,0.030,5085.59000,0.00000,5083.06000,5085.59000,0.0000,0.0000,-253.0,-7.59,-0.25,"0[sl]",168,00:00:00:39,,,,,,,,,,,,
,47281787,01/27/2026 13:09,01/27/2026 13:10,XAUUSD,Buy,0.030,5080.40000,0.00000,5082.91000,5080.40000,0.0000,0.0000,-251.0,-7.53,-0.25,"0[sl]",78,00:00:00:14,,,,,,,,,,,,
,47281451,01/27/2026 12:57,01/27/2026 12:59,XAUUSD,Buy,0.030,5085.16000,5094.87000,5082.87000,5085.16000,0.0000,0.0000,229.0,6.87,0.23,"0[sl]",78,00:00:02:03,,,,,,,,,,,,
,47281407,01/27/2026 12:55,01/27/2026 12:57,XAUUSD,Buy,0.030,5082.99000,5095.26000,5083.26000,5082.99000,0.0000,0.0000,-27.0,-0.81,-0.03,"0[sl]",78,00:00:02:11,,,,,,,,,,,,
,47281054,01/27/2026 12:34,01/27/2026 12:36,XAUUSD,Sell,0.030,5089.11000,5075.00000,5087.00000,5089.11000,0.0000,0.0000,-211.0,-6.33,-0.21,"0[sl]",168,00:00:01:33,,,,,,,,,,,,
,47281006,01/27/2026 12:32,01/27/2026 12:34,XAUUSD,Sell,0.030,5087.07000,5076.08000,5088.08000,5087.07000,0.0000,0.0000,101.0,3.03,0.10,"0[sl]",168,00:00:01:51,,,,,,,,,,,,
,47280919,01/27/2026 12:31,01/27/2026 12:32,XAUUSD,Sell,0.030,5084.97000,0.00000,5082.48000,5084.97000,0.0000,0.0000,-249.0,-7.47,-0.25,"0[sl]",168,00:00:01:01,,,,,,,,,,,,
,47280846,01/27/2026 12:29,01/27/2026 12:30,XAUUSD,Sell,0.030,5081.87000,0.00000,5079.28000,5081.87000,0.0000,0.0000,-259.0,-7.77,-0.26,"0[sl]",168,00:00:00:54,,,,,,,,,,,,
,47280810,01/27/2026 12:28,01/27/2026 12:29,XAUUSD,Sell,0.030,5078.18000,0.00000,5075.92000,5078.18000,0.0000,0.0000,-226.0,-6.78,-0.22,"0[sl]",168,00:00:01:13,,,,,,,,,,,,
,47280756,01/27/2026 12:26,01/27/2026 12:28,XAUUSD,Sell,0.030,5076.03000,5065.12000,5077.12000,5076.03000,0.0000,0.0000,109.0,3.27,0.11,"0[sl]",168,00:00:01:54,,,,,,,,,,,,
,47280686,01/27/2026 12:24,01/27/2026 12:26,XAUUSD,Sell,0.030,5076.40000,5065.28000,5077.28000,5076.40000,0.0000,0.0000,88.0,2.64,0.09,"0[sl]",168,00:00:01:53,,,,,,,,,,,,
,47280633,01/27/2026 12:23,01/27/2026 12:23,XAUUSD,Sell,0.030,5077.83000,0.00000,5075.20000,5077.83000,0.0000,0.0000,-263.0,-7.89,-0.26,"0[sl]",168,00:00:00:29,,,,,,,,,,,,
,47280581,01/27/2026 12:21,01/27/2026 12:23,XAUUSD,Sell,0.030,5075.37000,5063.42000,5075.42000,5075.37000,0.0000,0.0000,5.0,0.15,0.00,"0[sl]",168,00:00:01:55,,,,,,,,,,,,
,47280526,01/27/2026 12:19,01/27/2026 12:21,XAUUSD,Sell,0.030,5075.55000,5066.43000,5078.43000,5075.55000,0.0000,0.0000,288.0,8.64,0.29,"0[sl]",168,00:00:01:38,,,,,,,,,,,,
,47280461,01/27/2026 12:16,01/27/2026 12:19,XAUUSD,Sell,0.030,5078.10000,5067.71000,5079.71000,5078.10000,0.0000,0.0000,161.0,4.83,0.16,"0[sl]",168,00:00:02:38,,,,,,,,,,,,
,47280431,01/27/2026 12:15,01/27/2026 12:16,XAUUSD,Sell,0.030,5079.82000,5068.88000,5080.88000,5079.82000,0.0000,0.0000,106.0,3.18,0.11,"0[sl]",168,00:00:01:47,,,,,,,,,,,,
,47280412,01/27/2026 12:13,01/27/2026 12:14,XAUUSD,Sell,0.030,5081.51000,0.00000,5079.49000,5081.51000,0.0000,0.0000,-202.0,-6.06,-0.20,"0[sl]",168,00:00:00:46,,,,,,,,,,,,
,47280316,01/27/2026 12:09,01/27/2026 12:13,XAUUSD,Sell,0.030,5079.39000,5067.60000,5079.60000,5079.39000,0.0000,0.0000,21.0,0.63,0.02,"0[sl]",168,00:00:04:06,,,,,,,,,,,,
,47280278,01/27/2026 12:07,01/27/2026 12:09,XAUUSD,Sell,0.030,5079.74000,5070.14000,5082.14000,5079.74000,0.0000,0.0000,240.0,7.20,0.24,"0[sl]",168,00:00:01:54,,,,,,,,,,,,
,47280236,01/27/2026 12:06,01/27/2026 12:06,XAUUSD,Sell,0.030,5081.40000,0.00000,5079.42000,5081.40000,0.0000,0.0000,-198.0,-5.94,-0.20,"0[sl]",168,00:00:00:26,,,,,,,,,,,,
,47280165,01/27/2026 12:03,01/27/2026 12:06,XAUUSD,Sell,0.030,5079.29000,5065.03000,5077.03000,5079.29000,0.0000,0.0000,-226.0,-6.78,-0.23,"0[sl]",168,00:00:02:11,,,,,,,,,,,,
,47280114,01/27/2026 12:01,01/27/2026 12:03,XAUUSD,Sell,0.030,5076.98000,5066.85000,5078.85000,5076.98000,0.0000,0.0000,187.0,5.61,0.19,"0[sl]",168,00:00:02:23,,,,,,,,,,,,
,47280055,01/27/2026 12:00,01/27/2026 12:00,XAUUSD,Sell,0.030,5079.45000,0.00000,5076.85000,5079.45000,0.0000,0.0000,-260.0,-7.80,-0.26,"0[sl]",168,00:00:00:27,,,,,,,,,,,,
,47279603,01/27/2026 11:49,01/27/2026 11:50,XAUUSD,Buy,0.030,5072.31000,0.00000,5075.28000,5077.23000,0.0000,0.0000,195.0,5.85,0.19,"0",78,00:00:01:30,,,,,,,,,,,,
,47279526,01/27/2026 11:47,01/27/2026 11:49,XAUUSD,Sell,0.030,5082.49000,5067.96000,5079.96000,5075.86000,0.0000,0.0000,410.0,12.30,0.41,"0",168,00:00:01:40,,,,,,,,,,,,
,47279454,01/27/2026 11:45,01/27/2026 11:47,XAUUSD,Sell,0.030,5080.13000,5073.63000,5085.63000,5080.13000,0.0000,0.0000,550.0,16.50,0.55,"0[sl]",168,00:00:02:45,,,,,,,,,,,,
,47279419,01/27/2026 11:40,01/27/2026 11:45,XAUUSD,Buy,0.030,5084.83000,5099.36000,5087.36000,5084.83000,0.0000,0.0000,-253.0,-7.59,-0.25,"0[sl]",78,00:00:05:33,,,,,,,,,,,,
,47279409,01/27/2026 11:38,01/27/2026 11:42,XAUUSD,Sell,0.030,5087.07000,5074.44000,5086.44000,5087.07000,0.0000,0.0000,-63.0,-1.89,-0.06,"0[sl]",168,00:00:04:00,,,,,,,,,,,,
,47279390,01/27/2026 11:35,01/27/2026 11:38,XAUUSD,Sell,0.030,5086.61000,5075.05000,5087.05000,5086.61000,0.0000,0.0000,44.0,1.32,0.04,"0[sl]",168,00:00:02:54,,,,,,,,,,,,
,47279366,01/27/2026 11:32,01/27/2026 11:35,XAUUSD,Sell,0.030,5086.93000,5072.50000,5084.50000,5086.93000,0.0000,0.0000,-243.0,-7.29,-0.24,"0[sl]",168,00:00:02:45,,,,,,,,,,,,
,47279341,01/27/2026 11:30,01/27/2026 11:32,XAUUSD,Sell,0.030,5084.66000,5074.15000,5086.15000,5084.66000,0.0000,0.0000,149.0,4.47,0.15,"0[sl]",168,00:00:02:02,,,,,,,,,,,,
,47279326,01/27/2026 11:29,01/27/2026 11:30,XAUUSD,Sell,0.030,5086.60000,5075.61000,5087.61000,5086.60000,0.0000,0.0000,101.0,3.03,0.10,"0[sl]",168,00:00:01:44,,,,,,,,,,,,
,47279299,01/27/2026 11:23,01/27/2026 11:29,XAUUSD,Sell,0.030,5087.32000,5074.81000,5086.81000,5087.32000,0.0000,0.0000,-51.0,-1.53,-0.05,"0[sl]",168,00:00:05:11,,,,,,,,,,,,
,47279287,01/27/2026 11:22,01/27/2026 11:23,XAUUSD,Sell,0.030,5086.96000,5074.35000,5086.35000,5086.96000,0.0000,0.0000,-61.0,-1.83,-0.06,"0[sl]",168,00:00:01:43,,,,,,,,,,,,
,47279275,01/27/2026 11:20,01/27/2026 11:22,XAUUSD,Sell,0.030,5086.33000,5074.78000,5086.78000,5086.33000,0.0000,0.0000,45.0,1.35,0.05,"0[sl]",168,00:00:02:04,,,,,,,,,,,,
,47279252,01/27/2026 11:18,01/27/2026 11:19,XAUUSD,Buy,0.030,5085.94000,0.00000,5087.58000,5085.94000,0.0000,0.0000,-164.0,-4.92,-0.16,"0[sl]",78,00:00:01:14,,,,,,,,,,,,
,47279228,01/27/2026 11:15,01/27/2026 11:18,XAUUSD,Buy,0.030,5087.45000,5101.63000,5089.63000,5087.45000,0.0000,0.0000,-218.0,-6.54,-0.22,"0[sl]",78,00:00:02:43,,,,,,,,,,,,
,47279174,01/27/2026 11:12,01/27/2026 11:15,XAUUSD,Buy,0.030,5089.72000,5098.42000,5086.42000,5089.72000,0.0000,0.0000,330.0,9.90,0.33,"0[sl]",78,00:00:03:46,,,,,,,,,,,,
,47279140,01/27/2026 11:09,01/27/2026 11:12,XAUUSD,Sell,0.030,5087.43000,5076.80000,5088.80000,5087.43000,0.0000,0.0000,137.0,4.11,0.14,"0[sl]",168,00:00:03:07,,,,,,,,,,,,
,47279161,01/27/2026 11:10,01/27/2026 11:11,XAUUSD,Buy,0.030,5086.28000,0.00000,5088.73000,5086.28000,0.0000,0.0000,-245.0,-7.35,-0.25,"0[sl]",78,00:00:01:15,,,,,,,,,,,,
,47278810,01/27/2026 10:38,01/27/2026 10:41,XAUUSD,Buy,0.030,5087.97000,5099.71000,5087.71000,5087.97000,0.0000,0.0000,26.0,0.78,0.03,"0[sl]",1068,00:00:02:09,,,,,,,,,,,,
,47278783,01/27/2026 10:36,01/27/2026 10:38,XAUUSD,Buy,0.030,5087.62000,5097.40000,5085.40000,5087.62000,0.0000,0.0000,222.0,6.66,0.22,"0[sl]",1068,00:00:02:40,,,,,,,,,,,,
,47278715,01/27/2026 10:33,01/27/2026 10:36,XAUUSD,Buy,0.030,5085.22000,5095.47000,5083.47000,5085.22000,0.0000,0.0000,175.0,5.25,0.18,"0[sl]",1068,00:00:03:09,,,,,,,,,,,,
,47278695,01/27/2026 10:31,01/27/2026 10:32,XAUUSD,Buy,0.030,5085.08000,0.00000,5087.61000,5085.08000,0.0000,0.0000,-253.0,-7.59,-0.25,"0[sl]",1068,00:00:00:23,,,,,,,,,,,,
,47278646,01/27/2026 10:30,01/27/2026 10:30,XAUUSD,Buy,0.030,5085.18000,0.00000,5087.07000,5085.18000,0.0000,0.0000,-189.0,-5.67,-0.19,"0[sl]",1068,00:00:00:39,,,,,,,,,,,,
,47278616,01/27/2026 10:28,01/27/2026 10:30,XAUUSD,Buy,0.030,5087.10000,5101.63000,5089.63000,5087.10000,0.0000,0.0000,-253.0,-7.59,-0.25,"0[sl]",1068,00:00:02:02,,,,,,,,,,,,
,47278566,01/27/2026 10:25,01/27/2026 10:28,XAUUSD,Buy,0.030,5089.84000,5101.83000,5089.83000,5089.84000,0.0000,0.0000,1.0,0.03,0.00,"0[sl]",1068,00:00:03:05,,,,,,,,,,,,
,47275836,01/27/2026 07:39,,,Deposit,0.000,0.00000,0.00000,0.00000,0.00000,0.0000,0.0000,0.0,3000.00,0,"Deposit new margin in",0,00:00:00:00,,,,,,,,,,,,

